day,date,weight,start_time,run_type,distance_type,weather,location,run_shoes,distance,total_time,average_pace,splits,notes
Tuesday,1/1/2013,,,,,,,,,,,,
Wednesday,1/2/2013,,,,,,,,,,,,
Thursday,1/3/2013,,,,,,,,,,,,
Friday,1/4/2013,,,,,,,,,,,,
Saturday,1/5/2013,,,,,,,,,,,,
Sunday,1/6/2013,,,,,,,,,,,,
Monday,1/7/2013,,,,,,,,,,,,
Tuesday,1/8/2013,,,,,,,,,,,,
Wednesday,1/9/2013,,,,,,,,,,,,
Thursday,1/10/2013,,,,,,,,,,,,
Friday,1/11/2013,,,,,,,,,,,,
Saturday,1/12/2013,,,,,,,,,,,,
Sunday,1/13/2013,,,,,,,,,,,,
Monday,1/14/2013,,,,,,,,,,,,
Tuesday,1/15/2013,,,,,,,,,,,,
Wednesday,1/16/2013,,,,,,,,,,,,
Thursday,1/17/2013,,,,,,,,,,,,
Friday,1/18/2013,,,,,,,,,,,,
Saturday,1/19/2013,,,,,,,,,,,,
Sunday,1/20/2013,,10:06 AM,,Short Distance,"55,clear",Bonterra Village,Nike Air Relentless,3.26,0:27:21,8:22,"8:04,8:27,8:43",
Monday,1/21/2013,,,,,,,,,,,,
Tuesday,1/22/2013,,,,,,,,,,,,
Wednesday,1/23/2013,,,,,,,,,,,,
Thursday,1/24/2013,,,,,,,,,,,,
Friday,1/25/2013,,,,,,,,,,,,
Saturday,1/26/2013,,,,,,,,,,,,
Sunday,1/27/2013,,,,,,,,,,,,
Monday,1/28/2013,,,,,,,,,,,,
Tuesday,1/29/2013,,,,,,,,,,,,
Wednesday,1/30/2013,,,,,,,,,,,,
Thursday,1/31/2013,,,,,,,,,,,,
Friday,2/1/2013,,,,,,,,,,,,
Saturday,2/2/2013,,,,,,,,,,,,
Sunday,2/3/2013,,,,,,,,,,,,
Monday,2/4/2013,,,,,,,,,,,,
Tuesday,2/5/2013,,,,,,,,,,,,
Wednesday,2/6/2013,,,,,,,,,,,,
Thursday,2/7/2013,,,,,,,,,,,,
Friday,2/8/2013,,,,,,,,,,,,
Saturday,2/9/2013,,,,,,,,,,,,
Sunday,2/10/2013,,,,,,,,,,,,
Monday,2/11/2013,,,,,,,,,,,,
Tuesday,2/12/2013,,,,,,,,,,,,
Wednesday,2/13/2013,,,,,,,,,,,,
Thursday,2/14/2013,,,,,,,,,,,,
Friday,2/15/2013,,,,,,,,,,,,
Saturday,2/16/2013,,,,,,,,,,,,
Sunday,2/17/2013,,,,,,,,,,,,
Monday,2/18/2013,,,,,,,,,,,,
Tuesday,2/19/2013,,,,,,,,,,,,
Wednesday,2/20/2013,,,,,,,,,,,,
Thursday,2/21/2013,,3:34 PM,,Short Distance,,Bonterra Village,Nike Air Relentless,1.32,0:10:47,8:12,7:38,
Friday,2/22/2013,,,,,,,,,,,,
Saturday,2/23/2013,,,,,,,,,,,,
Sunday,2/24/2013,,,,,,,,,,,,
Monday,2/25/2013,,,,,,,,,,,,
Tuesday,2/26/2013,,,,,,,,,,,,
Wednesday,2/27/2013,,,,,,,,,,,,
Thursday,2/28/2013,,,,,,,,,,,,
Friday,3/1/2013,,,,,,,,,,,,
Saturday,3/2/2013,,,,,,,,,,,,
Sunday,3/3/2013,,,,,,,,,,,,
Monday,3/4/2013,,,,,,,,,,,,
Tuesday,3/5/2013,,,,,,,,,,,,
Wednesday,3/6/2013,,,,,,,,,,,,
Thursday,3/7/2013,,,,,,,,,,,,
Friday,3/8/2013,,,,,,,,,,,,
Saturday,3/9/2013,,,,,,,,,,,,
Sunday,3/10/2013,,,,,,,,,,,,
Monday,3/11/2013,,,,,,,,,,,,
Tuesday,3/12/2013,,,,,,,,,,,,
Wednesday,3/13/2013,,,,,,,,,,,,
Thursday,3/14/2013,,,,,,,,,,,,
Friday,3/15/2013,,,,,,,,,,,,
Saturday,3/16/2013,,,,,,,,,,,,
Sunday,3/17/2013,,,,,,,,,,,,
Monday,3/18/2013,,,,,,,,,,,,
Tuesday,3/19/2013,,,,,,,,,,,,
Wednesday,3/20/2013,,,,,,,,,,,,
Thursday,3/21/2013,,,,,,,,,,,,
Friday,3/22/2013,,,,,,,,,,,,
Saturday,3/23/2013,,,,,,,,,,,,
Sunday,3/24/2013,,,,,,,,,,,,
Monday,3/25/2013,,,,,,,,,,,,
Tuesday,3/26/2013,,,,,,,,,,,,
Wednesday,3/27/2013,,,,,,,,,,,,
Thursday,3/28/2013,,,,,,,,,,,,
Friday,3/29/2013,,,,,,,,,,,,
Saturday,3/30/2013,,,,,,,,,,,,
Sunday,3/31/2013,,,,,,,,,,,,
Monday,4/1/2013,,,,,,,,,,,,
Tuesday,4/2/2013,,,,,,,,,,,,
Wednesday,4/3/2013,,,,,,,,,,,,
Thursday,4/4/2013,,,,,,,,,,,,
Friday,4/5/2013,,,,,,,,,,,,
Saturday,4/6/2013,,10:33 AM,,Short Distance,"59,clear",Bonterra Village,Nike Air Relentless,2.19,0:18:48,8:34,"7:54,9:08",
Sunday,4/7/2013,,,,,,,,,,,,
Monday,4/8/2013,,4:40 PM,,Short Distance,"75,cloudy",Bonterra Village,Nike Air Relentless,2.51,0:21:20,8:30,"8:06,8:53",
Tuesday,4/9/2013,,4:37 PM,,Short Distance,"79,partly cloudy",Bonterra Village,Nike Air Relentless,2:57,0:21:36,8:25,"7:58,8:50",
Wednesday,4/10/2013,,,,,,,,,,,,
Thursday,4/11/2013,,10:11 AM,,Short Distance,"70,cloudy",Bonterra Village,Nike Air Relentless,2.58,0:22:13,8:36,"7:51,8:45",
Friday,4/12/2013,,11:12 AM,,Short Distance,,Bonterra Village,Nike Air Relentless,2.45,0:22:01,8:58,"7:50,9:49",
Saturday,4/13/2013,,,,,,,,,,,,
Sunday,4/14/2013,,,,,,,,,,,,
Monday,4/15/2013,,,,,,,,,,,,
Tuesday,4/16/2013,,7:10 PM,,Short Distance,"72,sunny",Bonterra Village,Nike Air Relentless,2.55,0:22:10,8:42,"8:06,9:10",
Wednesday,4/17/2013,,,,,,,,,,,,
Thursday,4/18/2013,,12:00 PM,,Short Distance,,Bonterra Village,Nike Air Relentless,2.05,0:17:36,8:36,"7:51,9:21",
Friday,4/19/2013,,,,,,,,,,,,
Saturday,4/20/2013,,11:35 AM,,Short Distance,"57,sunny",Bonterra Village,Nike Air Relentless,2.59,0:21:11,8:11,"7:54,8:24",
Sunday,4/21/2013,,,,,,,,,,,,
Monday,4/22/2013,,7:35 PM,,Short Distance,"55,sunny",Bonterra Village,Nike Air Relentless,1.95,0:16:11,8:18,7:35,
Tuesday,4/23/2013,,,,,,,,,,,,
Wednesday,4/24/2013,,,,,,,,,,,,
Thursday,4/25/2013,,4:56 PM,,Short Distance,"70,sunny",Bonterra Village,Nike Air Relentless,2.53,0:20:12,7:59,"7:19,8:24",
Friday,4/26/2013,,,,,,,,,,,,
Saturday,4/27/2013,,,,,,,,,,,,
Sunday,4/28/2013,,,,,,,,,,,,
Monday,4/29/2013,,,,,,,,,,,,
Tuesday,4/30/2013,,,,,,,,,,,,
Wednesday,5/1/2013,,,,,,,,,,,,
Thursday,5/2/2013,,,,,,,,,,,,
Friday,5/3/2013,,,,,,,,,,,,
Saturday,5/4/2013,,11:01 AM,,Short Distance,"52,cloudy",Bonterra Village,Nike Air Relentless,2.53,0:20:29,8:05,"7:34,8:40",
Sunday,5/5/2013,,,,,,,,,,,,
Monday,5/6/2013,,7:40 PM,,Short Distance,,Bonterra Village,Nike Air Relentless,2.52,0:20:17,8:02,"7:28,8:19",
Tuesday,5/7/2013,,4:07 PM,,Short Distance,,Bonterra Village,Nike Air Relentless,2.54,0:20:51,8:12,"6:59,9:04",
Wednesday,5/8/2013,,6:18 PM,,Short Distance,,Bonterra Village,Nike Air Relentless,2.5,0:20:10,8:05,"7:02,8:48",
Thursday,5/9/2013,,,,,,,,,,,,
Friday,5/10/2013,,,,,,,,,,,,
Saturday,5/11/2013,,11:08 AM,,Short Distance,"79,sunny",Bonterra Village,Nike Air Relentless,2.82,0:23:12,8:14,"6:55,8:50",
Sunday,5/12/2013,,,,,,,,,,,,
Monday,5/13/2013,,10:58 AM,,Short Distance,"63, sunny",Bonterra Village,Nike Air Relentless,3.53,0:28:39,8:06,"6:56,7:45,9:25",
Tuesday,5/14/2013,,,,,,,,,,,,
Wednesday,5/15/2013,,10:03 AM,,Short Distance,,Bonterra Village,Nike Air Relentless,2.4,0:19:14,8:01,"6:59,8:22",
Thursday,5/16/2013,,9:50 AM,,Short Distance,"79,sunny",Bonterra Village,Nike Air Relentless,2.72,0:21:50,8:01,"6:59,8:39",
Friday,5/17/2013,,,,,,,,,,,,
Saturday,5/18/2013,,,,,,,,,,,,
Sunday,5/19/2013,,,,,,,,,,,,
Monday,5/20/2013,,,,,,,,,,,,
Tuesday,5/21/2013,,6:59 PM,,Short Distance,,Bonterra Village,Nike Air Relentless,3.13,0:24:45,7:53,"6:56,7:38,8:56",
Wednesday,5/22/2013,,7:01 PM,,Short Distance,,Bonterra Village,Nike Air Relentless,3.24,0:26:37,8:13,"6:55,8:43,8:49",
Thursday,5/23/2013,,7:03 PM,,Short Distance,"75,sunny",Bonterra Village,Nike Air Relentless,3.24,0:26:24,8:08,"7:01,7:48,9:25",
Friday,5/24/2013,,7:51 PM,,Short Distance,"63,sunny",Bonterra Village,Nike Air Relentless,3.27,0:26:00,7:57,"7:09,7:45,8:47",
Saturday,5/25/2013,,7:29 PM,,Mid Distance,,Bonterra Village,Nike Air Relentless,5,0:40:30,8:06,"7:18,7:59,8:13,8:32,8:26",
Sunday,5/26/2013,,7:13 PM,,Mid Distance,,Bonterra Village,Nike Air Relentless,5.03,0:40:33,8:03,"7:23,7:55,8:02,8:27,8:27",
Monday,5/27/2013,,7:33 PM,,Mid Distance,"73,sunny",Bonterra Village,Nike Air Relentless,5.14,0:41:07,8:00,"7:19,7:55,8:04,8:17,8:19",
Tuesday,5/28/2013,,7:34 PM,,Mid Distance,,Bonterra Village,Nike Air Relentless,5.05,0:43:31,8:36,"7:04,7:47,9:07,9:20,9:41",
Wednesday,5/29/2013,,7:34 PM,,Short Distance,,Bonterra Village,Nike Air Relentless,2.75,0:21:46,7:54,"7:26,8:13",
Thursday,5/30/2013,,8:35 PM,,Mid Distance,"70,clear",Bonterra Village,Nike Air Relentless,5.09,0:42:18,8:18,"7:15,7:43,9:03,8:32,8:53",
Friday,5/31/2013,,,,,,,,,,,,
Saturday,6/1/2013,,7:46 PM,,Short Distance,,Bonterra Village,Nike Air Relentless,2.61,0:19:58,7:38,"6:51,8:00",
Sunday,6/2/2013,,,,,,,,,,,,
Monday,6/3/2013,,,,,,,,,,,,
Tuesday,6/4/2013,,7:25 PM,,Short Distance,,Bonterra Village,Nike Air Relentless,3.53,0:28:03,7:57,"7:04,8:22,8:15",
Wednesday,6/5/2013,,7:03 PM,,Short Distance,,Bonterra Village,Nike Air Relentless,3.44,0:27:17,7:56,"6:50,7:50,9:05",
Thursday,6/6/2013,,,,,,,,,,,,
Friday,6/7/2013,,,,,,,,,,,,
Saturday,6/8/2013,,,,,,,,,,,,
Sunday,6/9/2013,,,,Mid Distance,"72,rain",Bonterra Village,Nike Air Relentless,5.06,0:41:47,8:15,"6:53,7:27,7:54,9:30,9:24",
Monday,6/10/2013,,,,,,,,,,,,
Tuesday,6/11/2013,,7:09 PM,,Mid Distance,"83,sunny",Bonterra Village,Nike Air Relentless,5.03,0:42:44,8:29,"7:07,8:03,8:51,8:40,9:42",
Wednesday,6/12/2013,,,,,,,,,,,,
Thursday,6/13/2013,,7:34 PM,,Short Distance,"68,sunny",Bonterra Village,Nike Air Relentless,2.52,0:19:05,7:34,"7:09,7:50",
Friday,6/14/2013,,8:05 PM,,Mid Distance,"68,clear",Bonterra Village,Nike Air Relentless,5.01,0:42:32,8:29,"7:25,8:56,8:42,8:59,8:23",
Saturday,6/15/2013,,,,,,,,,,,,
Sunday,6/16/2013,,7:28 PM,,Short Distance,"81,sunny",Bonterra Village,Nike Air Relentless,1.62,0:13:43,8:28,7:23,
Monday,6/17/2013,,,,,,,,,,,,
Tuesday,6/18/2013,,7:00 PM,,Short Distance,"79,sunny",Bonterra Village,Nike Air Relentless,2.34,0:18:09,7:44,"7:25,8:00",
Wednesday,6/19/2013,,,,,,,,,,,,
Thursday,6/20/2013,,7:42 PM,,Mid Distance,,Bonterra Village,Nike Air Relentless,5.01,0:43:21,8:39,"7:39,8:15,8:49,9:20,9:10",
Friday,6/21/2013,,,,,,,,,,,,
Saturday,6/22/2013,,7:55 PM,,Mid Distance,,Bonterra Village,Nike Air Relentless,5.01,0:42:00,8:22,"7:37,8:16,8:12,8:50,8:56",
Sunday,6/23/2013,,,,,,,,,,,,
Monday,6/24/2013,,7:40 PM,,Mid Distance,,Bonterra Village,Nike Air Relentless,7.25,1:02:28,8:36,"7:26,8:29,8:45,8:54,8:36,8:46,9:06",
Tuesday,6/25/2013,,,,,,,,,,,,
Wednesday,6/26/2013,,7:16 PM,,Mid Distance,,Bonterra Village,Nike Air Relentless,7.36,1:03:35,8:38,"7:25,7:58,8:37,8:59,9:16,8:32,9:30",
Thursday,6/27/2013,,,,,,,,,,,,
Friday,6/28/2013,,,,,,,,,,,,
Saturday,6/29/2013,,7:24 PM,,Mid Distance,,Bonterra Village,Nike Air Relentless,7.01,1:02:26,8:54,"7:21,7:54,8:44,8:47,9:04,9:36,10:48",
Sunday,6/30/2013,,,,,,,,,,,,
Monday,7/1/2013,,8:40 PM,,Mid Distance,,Bonterra Village,Nike Air Relentless,5,0:43:26,8:40,"7:39,8:34,8:52,9:11,9:04",
Tuesday,7/2/2013,,,,,,,,,,,,
Wednesday,7/3/2013,,2:20 PM,,Short Distance,"79,sunny",Bonterra Village,Nike Air Relentless,3.71,0:30:15,8:08,"7:17,8:02,8:29",
Thursday,7/4/2013,,,,,,,,,,,,
Friday,7/5/2013,,8:38 PM,,Mid Distance,,Bonterra Village,Nike Air Relentless,7.31,1:07:42,9:15,"7:54,8:30,9:03,9:50,10:23,9:29,9:32",
Saturday,7/6/2013,,,,,,,,,,,,
Sunday,7/7/2013,,6:57 PM,,Short Distance,"81,cloudy",Bonterra Village,Nike Air Relentless,1.71,0:13:10,7:41,7:20,
Monday,7/8/2013,,7:10 PM,,Mid Distance,"79,sunny",Bonterra Village,Nike Air Relentless,7.41,1:01:29,8:26,"7:11,7:47,8:29,8:20,8:27,9:26,9:18",
Tuesday,7/9/2013,,,,,,,,,,,,
Wednesday,7/10/2013,,11:09 AM,,Mid Distance,"82,cloudy",Bonterra Village,Nike Air Relentless,7.41,1:04:27,8:41,"7:16,7:47,8:28,9:16,8:50,9:25,9:43",
Thursday,7/11/2013,,,,,,,,,,,,
Friday,7/12/2013,,10:39 AM,,Mid Distance,,Bonterra Village,Nike Air Relentless,7.31,1:05:22,8:56,"7:16,8:21,8:23,9:26,9:30,9:56,9:50",
Saturday,7/13/2013,,,,,,,,,,,,
Sunday,7/14/2013,,7:15 PM,,Mid Distance,"75,sunny",Bonterra Village,Nike Air Relentless,6.51,0:58:02,8:54,"7:39,8:17,8:25,8:55,9:43,9:41",
Monday,7/15/2013,,,,,,,,,,,,
Tuesday,7/16/2013,,,,,,,,,,,,
Wednesday,7/17/2013,,10:25 AM,,Mid Distance,"84,sunny",Bonterra Village,Nike Air Relentless,7.3,1:07:45,9:17,"7:51,8:41,8:56,9:53,9:52,10:08,9:34",
Thursday,7/18/2013,,,,,,,,,,,,
Friday,7/19/2013,,8:07 AM,,Mid Distance,"81,sunny",Bonterra Village,Nike Air Relentless,5.74,0:52:54,9:13,"7:55,8:52,9:17,8:43,9:44",
Saturday,7/20/2013,,,,,,,,,,,,
Sunday,7/21/2013,,6:15 PM,,Short Distance,,Bonterra Village,Nike Air Relentless,2.47,0:22:49,9:14,"7:43,9:02",
Monday,7/22/2013,,,,,,,,,,,,
Tuesday,7/23/2013,,,,,,,,,,,,
Wednesday,7/24/2013,,4:22 PM,,Mid Distance,"87,sunny",Bonterra Village,Nike Air Relentless,7.52,1:10:21,9:21,"7:40,8:47,8:53,9:35,9:39,10:17,10:24",
Thursday,7/25/2013,,,,,,,,,,,,
Friday,7/26/2013,,,,,,,,,,,,
Saturday,7/27/2013,,8:36 PM,,Short Distance,"70,cloudy",Bonterra Village,Nike Air Relentless,2.55,0:23:43,9:18,"8:43,9:37",
Sunday,7/28/2013,,,,,,,,,,,,
Monday,7/29/2013,,,,,,,,,,,,
Tuesday,7/30/2013,,7:36 PM,,Long Distance,"77,sunny",Bonterra Village,Nike Air Relentless,8.19,1:14:56,9:09,"8:06,8:17,8:42,9:04,9:21,9:32,9:54,10:08",
Wednesday,7/31/2013,,,,,,,,,,,,
Thursday,8/1/2013,,,,,,,,,,,,
Friday,8/2/2013,,,,,,,,,,,,
Saturday,8/3/2013,,10:08 AM,,Short Distance,"82,cloudy",Bonterra Village,Nike Air Relentless,3.49,0:30:18,8:40,"7:48,8:13,9:17",
Sunday,8/4/2013,,,,,,,,,,,,
Monday,8/5/2013,,9:10 AM,,Mid Distance,,Bonterra Village,Nike Air Relentless,7.26,1:06:50,9:12,"7:55,8:46,9:02,9:58,8:52,10:10,9:33",
Tuesday,8/6/2013,,,,,,,,,,,,
Wednesday,8/7/2013,,7:55 PM,,Mid Distance,"76,sunny",Bonterra Village,Nike Air Relentless,7.04,1:06:15,9:25,"7:59,9:04,8:57,9:47,9:34,9:44,10:40",
Thursday,8/8/2013,,,,,,,,,,,,
Friday,8/9/2013,,,,,,,,,,,,
Saturday,8/10/2013,,,,,,,,,,,,
Sunday,8/11/2013,,9:11 AM,,Short Distance,"82,sunny",Bonterra Village,Nike Air Relentless,4.81,0:45:29,9:27,"8:14,9:12,9:27,10:42",
Monday,8/12/2013,,,,,,,,,,,,
Tuesday,8/13/2013,,7:17 PM,,Mid Distance,"78,sunny",Bonterra Village,Nike Air Relentless,7.4,1:09:09,9:20,"8:02,9:16,9:07,9:13,9:56,9:19,10:25",
Wednesday,8/14/2013,,,,,,,,,,,,
Thursday,8/15/2013,,7:33 PM,,Long Distance,"66,sunny",Bonterra Village,Nike Air Relentless,8.12,1:16:44,9:26,"8:18,9:09,9:27,9:21,10:06,9:37,9:54,9:46",
Friday,8/16/2013,,,,,,,,,,,,
Saturday,8/17/2013,,,,,,,,,,,,
Sunday,8/18/2013,,6:09 PM,,Mid Distance,"81,cloudy",Bonterra Village,Nike Air Relentless,5.72,0:50:44,8:52,"7:59,9:07,8:40,9:03,9:13",
Monday,8/19/2013,,,,,,,,,,,,
Tuesday,8/20/2013,,,,,,,,,,,,
Wednesday,8/21/2013,,7:21 PM,,Short Distance,"70,sunny",Bonterra Village,Nike Air Relentless,2.48,0:22:34,9:04,"8:15,9:27",
Thursday,8/22/2013,,,,,,,,,,,,
Friday,8/23/2013,,,,,,,,,,,,
Saturday,8/24/2013,,9:10 AM,,Mid Distance,"73,sunny",Bonterra Village,Nike Air Relentless,7.23,1:07:05,9:16,"7:52,8:59,9:02,9:38,9:32,10:14,9:39",
Sunday,8/25/2013,,,,,,,,,,,,
Monday,8/26/2013,,,,,,,,,,,,
Tuesday,8/27/2013,,7:19 PM,,Long Distance,"80,sunny",Bonterra Village,Nike Air Relentless,8.24,1:15:36,9:10,"8:11,9:32,8:49,9:23,9:28,9:06,9:23,9:19",
Wednesday,8/28/2013,,,,,,,,,,,,
Thursday,8/29/2013,,6:50 PM,,Mid Distance,,Bonterra Village,Nike Air Relentless,7.37,1:08:18,9:16,"7:44,9:16,9:16,9:13,9:14,9:39,10:28",
Friday,8/30/2013,,,,,,,,,,,,
Saturday,8/31/2013,,,,,,,,,,,,
Sunday,9/1/2013,,6:36 PM,,Short Distance,,Bonterra Village,Nike Air Relentless,2.2,0:17:00,7:42,"7:48,7:39",
Monday,9/2/2013,,,,,,,,,,,,
Tuesday,9/3/2013,,7:15 PM,,Short Distance,"77,sunny",Bonterra Village,Nike Air Relentless,4.98,0:44:54,9:00,"7:40,9:46,8:39,9:11",
Wednesday,9/4/2013,,,,,,,,,,,,
Thursday,9/5/2013,,,,,,,,,,,,
Friday,9/6/2013,,,,,,,,,,,,
Saturday,9/7/2013,,7:02 PM,,Short Distance,"84,sunny",Bonterra Village,Nike Air Relentless,0.32,0:02:43,8:28,,
Sunday,9/8/2013,,,,,,,,,,,,
Monday,9/9/2013,,6:12 PM,,Mid Distance,"81,sunny",Bonterra Village,Nike Air Relentless,7.37,1:06:10,8:58,"7:53,8:56,8:41,8:55,8:56,9:27,9:58",
Tuesday,9/10/2013,,,,,,,,,,,,
Wednesday,9/11/2013,,6:03 PM,,Mid Distance,"84,sunny",Bonterra Village,Nike Air Relentless,5,0:43:39,8:44,"7:37,8:35,8:49,9:20,9:16",
Thursday,9/12/2013,,,,,,,,,,,,
Friday,9/13/2013,,,,,,,,,,,,
Saturday,9/14/2013,,,,,,,,,,,,
Sunday,9/15/2013,,,,,,,,,,,,
Monday,9/16/2013,,6:16 PM,,Short Distance,"75,sunny",Bonterra Village,Nike Air Relentless,3.11,0:26:31,8:30,"7:44,8:50,8:38",
Tuesday,9/17/2013,,,,,,,,,,,,
Wednesday,9/18/2013,,4:00 PM,,Short Distance,"73,sunny",Bonterra Village,Nike Air Relentless,4.55,0:37:17,8:11,"7:24,8:21,8:27,8:32,",
Thursday,9/19/2013,,,,,,,,,,,,
Friday,9/20/2013,,,,,,,,,,,,
Saturday,9/21/2013,,8:50 PM,,Short Distance,,Bonterra Village,Nike Air Relentless,3.36,0:29:06,8:38,"7:38,9:13,9:10",
Sunday,9/22/2013,,,,,,,,,,,,
Monday,9/23/2013,,5:45 PM,,Mid Distance,,Bonterra Village,Nike Air Relentless,7.52,1:05:56,8:46,"7:44,8:32,8:41,8:49,9:00,8:36,9:17",
Tuesday,9/24/2013,,,,,,,,,,,,
Wednesday,9/25/2013,,,,,,,,,,,,
Thursday,9/26/2013,,,,,,,,,,,,
Friday,9/27/2013,,,,,,,,,,,,
Saturday,9/28/2013,,,,,,,,,,,,
Sunday,9/29/2013,,,,,,,,,,,,
Monday,9/30/2013,,,,,,,,,,,,
Tuesday,10/1/2013,,,,,,,,,,,,
Wednesday,10/2/2013,,,,,,,,,,,,
Thursday,10/3/2013,,,,,,,,,,,,
Friday,10/4/2013,,,,,,,,,,,,
Saturday,10/5/2013,,,,,,,,,,,,
Sunday,10/6/2013,,,,,,,,,,,,
Monday,10/7/2013,,,,,,,,,,,,
Tuesday,10/8/2013,,,,,,,,,,,,
Wednesday,10/9/2013,,5:00 PM,,Mid Distance,"70,sunny",Bonterra Village,Nike Air Relentless,5.06,0:42:29,8:23,"7:35,8:45,7:52,8:56,8:46",
Thursday,10/10/2013,,,,,,,,,,,,
Friday,10/11/2013,,,,,,,,,,,,
Saturday,10/12/2013,,9:34 AM,,Mid Distance,"70,sunny",Bonterra Village,Nike Air Relentless,4.98,0:45:02,9:03,"7:40,8:52,9:14,9:30",
Sunday,10/13/2013,,,,,,,,,,,,
Monday,10/14/2013,,5:39 PM,,Mid Distance,"63,cloudy",Bonterra Village,Nike Air Relentless,7.63,1:04:30,8:27,"7:21,8:25,8:30,8:20,8:45,8:43,8:57",
Tuesday,10/15/2013,,,,,,,,,,,,
Wednesday,10/16/2013,,6:00 PM,,Mid Distance,"70,sunny",Bonterra Village,Nike Air Relentless,7.31,1:05:35,8:58,"7:31,9:03,9:08,9:02",
Thursday,10/17/2013,,,,,,,,,,,,
Friday,10/18/2013,,7:43 PM,,Short Distance,,Bonterra Village,Nike Air Relentless,3.61,0:31:48,8:48,"8:14,9:20,8:42",
Saturday,10/19/2013,,,,,,,,,,,,
Sunday,10/20/2013,,,,,,,,,,,,
Monday,10/21/2013,,,,,,,,,,,,
Tuesday,10/22/2013,,,,,,,,,,,,
Wednesday,10/23/2013,,1:41 PM,,Mid Distance,,Bonterra Village,Nike Air Relentless,5.34,0:48:27,9:03,"8:41,8:29,9:19,9:11,9:37",
Thursday,10/24/2013,,,,,,,,,,,,
Friday,10/25/2013,,,,,,,,,,,,
Saturday,10/26/2013,,5:55 PM,,Short Distance,"55,sunny",Bonterra Village,Nike Air Relentless,2.5,0:22:00,8:47,"7:33,9:21",
Sunday,10/27/2013,,7:08 PM,,Short Distance,,Bonterra Village,Nike Air Relentless,3.93,0:35:45,9:05,"8:07,9:04,9:45",
Monday,10/28/2013,,,,,,,,,,,,
Tuesday,10/29/2013,,5:36 PM,,Mid Distance,,Bonterra Village,Nike Free 4.0,5.03,0:42:22,8:25,"7:46,8:48,8:15,8:35,8:35",
Wednesday,10/30/2013,,,,,,,,,,,,
Thursday,10/31/2013,,,,,,,,,,,,
Friday,11/1/2013,,,,,,,,,,,,
Saturday,11/2/2013,,6:15 PM,,Long Distance,,Bonterra Village,Nike Free 4.0,8.44,1:17:22,9:10,"7:39,8:48,8:55,9:08,9:29,9:19,9:41,9:02",
Sunday,11/3/2013,,,,,,,,,,,,
Monday,11/4/2013,,,,,,,,,,,,
Tuesday,11/5/2013,,,,,,,,,,,,
Wednesday,11/6/2013,,,,,,,,,,,,
Thursday,11/7/2013,,,,,,,,,,,,
Friday,11/8/2013,,,,,,,,,,,,
Saturday,11/9/2013,,,,,,,,,,,,
Sunday,11/10/2013,,9:57 AM,,Short Distance,"63,sunny",Bonterra Village,Nike Free 4.0,3.42,0:29:02,8:28,"7:19,8:54,9:08",
Monday,11/11/2013,,,,,,,,,,,,
Tuesday,11/12/2013,,,,,,,,,,,,
Wednesday,11/13/2013,,,,,,,,,,,,
Thursday,11/14/2013,,11:04 AM,,Mid Distance,"55,sunny",Bonterra Village,Nike Free 4.0,4.93,0:42:40,8:39,"7:28,9:00,9:12,8:45,",
Friday,11/15/2013,,,,,,,,,,,,
Saturday,11/16/2013,,,,,,,,,,,,
Sunday,11/17/2013,,,,,,,,,,,,
Monday,11/18/2013,,4:21 PM,,Long Distance,"68,sunny",Bonterra Village,Nike Free 4.0,8.27,1:12:55,8:49,"7:30,8:45,8:51,9:02,8:59,8:57,9:23,8:59",
Tuesday,11/19/2013,,,,,,,,,,,,
Wednesday,11/20/2013,,,,,,,,,,,,
Thursday,11/21/2013,,4:06 PM,,Mid Distance,"60,cloudy",Bonterra Village,Nike Free 4.0,7.45,1:05:01,8:43,"7:24,8:42,8:48,9:03,8:51,8:34,9:27",
Friday,11/22/2013,,,,,,,,,,,,
Saturday,11/23/2013,,11:19 AM,,Mid Distance,"57,cloudy",Bonterra Village,Nike Free 4.0,3.26,0:27:02,8:16,"7:35,8:48,8:15",
Sunday,11/24/2013,,,,,,,,,,,,
Monday,11/25/2013,,,,,,,,,,,,
Tuesday,11/26/2013,,,,,,,,,,,,
Wednesday,11/27/2013,,,,,,,,,,,,
Thursday,11/28/2013,,,,,,,,,,,,
Friday,11/29/2013,,5:17 PM,,Mid Distance,"41,sunny",Bonterra Village,Nike Free 4.0,7.39,1:04:23,8:42,"7:21,8:49,8:43,8:53,8:52,9:12,8:50",
Saturday,11/30/2013,,,,,,,,,,,,
Sunday,12/1/2013,,,,,,,,,,,,
Monday,12/2/2013,,,,,,,,,,,,
Tuesday,12/3/2013,,,,,,,,,,,,
Wednesday,12/4/2013,,3:34 PM,,Long Distance,"61,rain",Bonterra Village,Nike Free 4.0,8.29,1:13:10,8:49,"7:27,8:57,8:34,8:57,9:09,8:47,9:27,9:10",
Thursday,12/5/2013,,,,,,,,,,,,
Friday,12/6/2013,,,,,,,,,,,,
Saturday,12/7/2013,,6:38 PM,,Short Distance,"46,cloudy",Bonterra Village,Nike Free 4.0,3.35,30:17:00,9:02,"8:05,9:40,9:14",
Sunday,12/8/2013,,,,,,,,,,,,
Monday,12/9/2013,,,,,,,,,,,,
Tuesday,12/10/2013,,4:00 PM,,Mid Distance,"48,sunny",Bonterra Village,Nike Free 4.0,5.97,0:51:47,8:40,"7:26,8:56,8:55,8:46,8:58",
Wednesday,12/11/2013,,,,,,,,,,,,
Thursday,12/12/2013,,,,,,,,,,,,
Friday,12/13/2013,,11:44 AM,,Short Distance,"54,sunny",Bonterra Village,Nike Free 4.0,3.37,0:28:37,8:29,"7:35,8:33,9:03",
Saturday,12/14/2013,,,,,,,,,,,,
Sunday,12/15/2013,,11:17 AM,,Mid Distance,"57,sunny",Bonterra Village,Nike Free 4.0,7.2,1:01:32,8:33,"7:13,8:42,8:31,9:15,8:38,8:21,9:01",
Monday,12/16/2013,,,,,,,,,,,,
Tuesday,12/17/2013,,12:02 PM,,Long Distance,"48,sunny",Bonterra Village,Nike Free 4.0,9.91,1:27:05,8:47,"7:42,9:08,8:31,9:28,8:20,8:42,9:06,9:02,8:56",
Wednesday,12/18/2013,,,,,,,,,,,,
Thursday,12/19/2013,,,,,,,,,,,,
Friday,12/20/2013,,11:20 AM,,Long Distance,"64,sunny",Bonterra Village,Nike Free 4.0,10,1:29:25,8:56,"7:23,8:51,8:57,8:56,9:03,8:47,9:14,9:24,8:56,9:32",
Saturday,12/21/2013,,,,,,,,,,,,
Sunday,12/22/2013,,11:01 AM,,Short Distance,"46,sunny",Bonterra Village,Nike Free 4.0,2.81,0:24:06,8:33,"7:32,9:01",
Monday,12/23/2013,,,,,,,,,,,,
Tuesday,12/24/2013,,,,,,,,,,,,
Wednesday,12/25/2013,,,,,,,,,,,,
Thursday,12/26/2013,,11:09 AM,,Long Distance,,Bonterra Village,Nike Free 4.0,9.98,1:29:30,8:58,"7:08,8:42,9:14,9:01,8:49,8:53,9:18,9:48,9:08",
Friday,12/27/2013,,,,,,,,,,,,
Saturday,12/28/2013,,,,,,,,,,,,
Sunday,12/29/2013,,,,,,,,,,,,
Monday,12/30/2013,,10:40 AM,,Long Distance,"50,sunny",Bonterra Village,Nike Free 4.0,10,1:26:52,8:38,"7:34,8:38,8:40,8:37,8:44,8:31,9:13,8:41,8:55,8:47",
Tuesday,12/31/2013,,,,,,,,,,,,
Wednesday,1/1/2014,,,,,,,,,,,,
Thursday,1/2/2014,,12:43 PM,,Mid Distance,"48,cloudy",Bonterra Village,Nike Free 4.0,5.03,0:41:54,8:19,"7:26,8:45,8:12,8:39,8:25",
Friday,1/3/2014,,,,,,,,,,,,
Saturday,1/4/2014,,,,,,,,,,,,
Sunday,1/5/2014,,11:43 AM,,Short Distance,"37,cloudy",Bonterra Village,Nike Free 4.0,4.28,0:33:10,7:44,"7:23,7:26,8:03,8:08,",
Monday,1/6/2014,,10:38 AM,,Long Distance,,Bonterra Village,Nike Free 4.0,10.1,1:24:58,8:24,"7:18,8:31,8:10,8:33,8:21,8:12,9:06,8:28,8:28,8:52",
Tuesday,1/7/2014,,,,,,,,,,,,
Wednesday,1/8/2014,,,,,,,,,,,,
Thursday,1/9/2014,,,,,,,,,,,,
Friday,1/10/2014,,6:15 PM,,Short Distance,"72,sunny",Vistana Resort,Nike Free 4.0,2.28,0:20:44,9:04,"8:19,9:35",
Saturday,1/11/2014,,,,,,,,,,,,
Sunday,1/12/2014,,,,Race,,Walt Disney World Resort,Nike Free 4.0,26.2,4:48:03,,,
Monday,1/13/2014,,,,,,,,,,,,
Tuesday,1/14/2014,,,,,,,,,,,,
Wednesday,1/15/2014,,,,,,,,,,,,
Thursday,1/16/2014,,,,,,,,,,,,
Friday,1/17/2014,,,,,,,,,,,,
Saturday,1/18/2014,,,,,,,,,,,,
Sunday,1/19/2014,,,,,,,,,,,,
Monday,1/20/2014,,,,,,,,,,,,
Tuesday,1/21/2014,,,,,,,,,,,,
Wednesday,1/22/2014,,,,,,,,,,,,
Thursday,1/23/2014,,,,,,,,,,,,
Friday,1/24/2014,,,,,,,,,,,,
Saturday,1/25/2014,,,,,,,,,,,,
Sunday,1/26/2014,,,,,,,,,,,,
Monday,1/27/2014,,,,,,,,,,,,
Tuesday,1/28/2014,,,,,,,,,,,,
Wednesday,1/29/2014,,,,,,,,,,,,
Thursday,1/30/2014,,,,,,,,,,,,
Friday,1/31/2014,,,,,,,,,,,,
Saturday,2/1/2014,,,,,,,,,,,,
Sunday,2/2/2014,,,,,,,,,,,,
Monday,2/3/2014,,,,,,,,,,,,
Tuesday,2/4/2014,,,,,,,,,,,,
Wednesday,2/5/2014,,,,,,,,,,,,
Thursday,2/6/2014,,,,,,,,,,,,
Friday,2/7/2014,,,,,,,,,,,,
Saturday,2/8/2014,,,,,,,,,,,,
Sunday,2/9/2014,,,,,,,,,,,,
Monday,2/10/2014,,,,,,,,,,,,
Tuesday,2/11/2014,,,,,,,,,,,,
Wednesday,2/12/2014,,,,,,,,,,,,
Thursday,2/13/2014,,,,,,,,,,,,
Friday,2/14/2014,,,,,,,,,,,,
Saturday,2/15/2014,,,,,,,,,,,,
Sunday,2/16/2014,,,,,,,,,,,,
Monday,2/17/2014,,,,,,,,,,,,
Tuesday,2/18/2014,,,,,,,,,,,,
Wednesday,2/19/2014,,3:15 PM,,Short Distance,"73,cloudy",Bonterra Village,Nike Free 4.0,2.22,0:19:14,8:39,"7:24,9:42",
Thursday,2/20/2014,,,,,,,,,,,,
Friday,2/21/2014,,,,,,,,,,,,
Saturday,2/22/2014,,,,,,,,,,,,
Sunday,2/23/2014,,11:28 AM,,Short Distance,"66,sunny",Bonterra Village,Nike Free 4.0,2.64,0:21:58,8:18,"7:28,8:49",
Monday,2/24/2014,,,,,,,,,,,,
Tuesday,2/25/2014,,,,,,,,,,,,
Wednesday,2/26/2014,,,,,,,,,,,,
Thursday,2/27/2014,,,,,,,,,,,,
Friday,2/28/2014,,,,,,,,,,,,
Saturday,3/1/2014,,,,,,,,,,,,
Sunday,3/2/2014,,3:35 PM,,Short Distance,"72,sunny",Bonterra Village,Nike Free 4.0,2.6,0:22:25,8:36,"7:54,8:59",
Monday,3/3/2014,,,,,,,,,,,,
Tuesday,3/4/2014,,,,,,,,,,,,
Wednesday,3/5/2014,,,,,,,,,,,,
Thursday,3/6/2014,,,,,,,,,,,,
Friday,3/7/2014,,,,,,,,,,,,
Saturday,3/8/2014,,4:01 PM,,Short Distance,,Bonterra Village,Nike Free 4.0,3.34,0:28:58,8:39,"7:25,8:53,9:30",
Sunday,3/9/2014,,,,,,,,,,,,
Monday,3/10/2014,,,,,,,,,,,,
Tuesday,3/11/2014,,,,,,,,,,,,
Wednesday,3/12/2014,,,,,,,,,,,,
Thursday,3/13/2014,,,,,,,,,,,,
Friday,3/14/2014,,,,,,,,,,,,
Saturday,3/15/2014,,3:48 PM,,Short Distance,"72,sunny",Bonterra Village,Nike Free 4.0,2.62,0:22:43,8:40,"7:38,9:17",
Sunday,3/16/2014,,,,,,,,,,,,
Monday,3/17/2014,,,,,,,,,,,,
Tuesday,3/18/2014,,,,,,,,,,,,
Wednesday,3/19/2014,,,,,,,,,,,,
Thursday,3/20/2014,,,,,,,,,,,,
Friday,3/21/2014,,,,,,,,,,,,
Saturday,3/22/2014,,,,,,,,,,,,
Sunday,3/23/2014,,,,,,,,,,,,
Monday,3/24/2014,,,,,,,,,,,,
Tuesday,3/25/2014,,,,,,,,,,,,
Wednesday,3/26/2014,,,,,,,,,,,,
Thursday,3/27/2014,,,,,,,,,,,,
Friday,3/28/2014,,,,,,,,,,,,
Saturday,3/29/2014,,,,,,,,,,,,
Sunday,3/30/2014,,,,,,,,,,,,
Monday,3/31/2014,,,,,,,,,,,,
Tuesday,4/1/2014,,,,,,,,,,,,
Wednesday,4/2/2014,,,,,,,,,,,,
Thursday,4/3/2014,,,,,,,,,,,,
Friday,4/4/2014,,12:35 PM,,Short Distance,"75,sunny",Bonterra Village,Nike Free 4.0,3.36,0:28:58,8:36,"7:46,9:08,8:52",
Saturday,4/5/2014,,10:00 AM,,Short Distance,"64,sunny",Bonterra Village,Nike Free 4.0,2.58,0:20:14,7:50,"7:29,8:12",
Sunday,4/6/2014,,3:24 PM,,Short Distance,"57,cloudy",Bonterra Village,Nike Free 4.0,2.6,0:20:59,8:03,"7:01,8:56",
Monday,4/7/2014,,,,,,,,,,,,
Tuesday,4/8/2014,,3:47 PM,,Short Distance,"68,sunny",Bonterra Village,Nike Free 4.0,2.61,0:20:49,7:57,"7:11,8:23",
Wednesday,4/9/2014,,,,,,,,,,,,
Thursday,4/10/2014,,4:02 PM,,Short Distance,"75,sunny",Bonterra Village,Nike Free 4.0,2.52,0:21:06,8:22,"7:18,8:51",
Friday,4/11/2014,,12:23 PM,,Short Distance,"79,sunny",Bonterra Village,Nike Free 4.0,2.56,0:21:01,8:12,"7:22,8:33",
Saturday,4/12/2014,,,,,,,,,,,,
Sunday,4/13/2014,,10:03 AM,,Short Distance,"73,sunny",Bonterra Village,Nike Free 4.0,2.58,0:21:35,8:20,"7:20,8:36",
Monday,4/14/2014,,,,,,,,,,,,
Tuesday,4/15/2014,,1:24 PM,,Short Distance,"68,cloudy",Bonterra Village,Nike Free 4.0,1.11,0:07:59,7:09,7:13,
Wednesday,4/16/2014,,,,,,,,,,,,
Thursday,4/17/2014,,,,,,,,,,,,
Friday,4/18/2014,,,,,,,,,,,,
Saturday,4/19/2014,,,,,,,,,,,,
Sunday,4/20/2014,,7:01 PM,,Short Distance,"64,cloudy",Bonterra Village,Nike Free 4.0,3.01,0:27:44,9:11,"7:53,9:56,9:38",
Monday,4/21/2014,,5:30 PM,,Short Distance,"50,sunny",Bonterra Village,Nike Free 4.0,2.55,0:20:58,8:12,"7:03,8:39",
Tuesday,4/22/2014,,,,,,,,,,,,
Wednesday,4/23/2014,,,,,,,,,,,,
Thursday,4/24/2014,,,,,,,,,,,,
Friday,4/25/2014,,,,,,,,,,,,
Saturday,4/26/2014,,,,,,,,,,,,
Sunday,4/27/2014,,,,,,,,,,,,
Monday,4/28/2014,,,,,,,,,,,,
Tuesday,4/29/2014,,,,,,,,,,,,
Wednesday,4/30/2014,,,,,,,,,,,,
Thursday,5/1/2014,,,,,,,,,,,,
Friday,5/2/2014,,,,,,,,,,,,
Saturday,5/3/2014,,10:29 AM,,Short Distance,"72,sunny",Bonterra Village,Nike Free 4.0,2.64,0:21:37,8:11,"7:00,9:13",
Sunday,5/4/2014,,10:23 AM,,Short Distance,"84,sunny",Bonterra Village,Nike Free 4.0,2.57,0:20:42,8:02,"7:19,8:29",
Monday,5/5/2014,,,,,,,,,,,,
Tuesday,5/6/2014,,4:43 PM,,Short Distance,"91,sunny",Bonterra Village,Nike Free 4.0,2.56,0:20:35,8:01,"6:52,8:41",
Wednesday,5/7/2014,,,,,,,,,,,,
Thursday,5/8/2014,,,,,,,,,,,,
Friday,5/9/2014,,,,,,,,,,,,
Saturday,5/10/2014,,,,,,,,,,,,
Sunday,5/11/2014,,,,,,,,,,,,
Monday,5/12/2014,,,,,,,,,,,,
Tuesday,5/13/2014,,,,,,,,,,,,
Wednesday,5/14/2014,,,,,,,,,,,,
Thursday,5/15/2014,,,,,,,,,,,,
Friday,5/16/2014,,8:14 PM,,Short Distance,"59,clear",Bonterra Village,Nike Free 4.0,2.47,0:20:28,8:15,"7:14,8:46",
Saturday,5/17/2014,,,,,,,,,,,,
Sunday,5/18/2014,,4:37 PM,,Short Distance,"70,cloudy",Bonterra Village,Nike Free 4.0,2.58,0:20:41,8:00,"7:20,8:33",
Monday,5/19/2014,,7:16 PM,,Short Distance,"68,clear",Bonterra Village,Nike Free 4.0,2.59,0:20:18,7:50,"6:59,8:31",
Tuesday,5/20/2014,,,,,,,,,,,,
Wednesday,5/21/2014,,9:49 AM,,Short Distance,"77,sunny",Bonterra Village,Nike Free 4.0,2.57,0:20:54,8:07,"6:50,8:37",
Thursday,5/22/2014,,,,,,,,,,,,
Friday,5/23/2014,,,,,,,,,,,,
Saturday,5/24/2014,,7:45 AM,,Short Distance,"70,sunny",Bonterra Village,Nike Free 4.0,2.01,0:16:11,8:01,"6:52,9:04",
Sunday,5/25/2014,,,,,,,,,,,,
Monday,5/26/2014,,,,,,,,,,,,
Tuesday,5/27/2014,,,,,,,,,,,,
Wednesday,5/28/2014,,,,,,,,,,,,
Thursday,5/29/2014,,,,,,,,,,,,
Friday,5/30/2014,,10:36 AM,,Short Distance,"77,cloudy",Bonterra Village,Nike Free 4.0,2.52,0:20:30,8:08,"7:12,8:48",
Saturday,5/31/2014,,,,,,,,,,,,
Sunday,6/1/2014,,4:39 PM,,Short Distance,,Bonterra Village,Nike Free 4.0,2.59,0:20:46,8:01,"7:13,8:29",
Monday,6/2/2014,,,,,,,,,,,,
Tuesday,6/3/2014,,12:09 PM,,Short Distance,"88,sunny",Bonterra Village,Nike Free 4.0,2.58,0:21:03,8:08,"6:58,8:39",
Wednesday,6/4/2014,,7:11 PM,,Short Distance,,Bonterra Village,Nike Free 4.0,2.6,0:22:18,8:33,"7:15,8:58",
Thursday,6/5/2014,,8:05 PM,,Short Distance,,Bonterra Village,Nike Free 4.0,3.17,0:26:46,8:25,"7:14,8:58,8:50",
Friday,6/6/2014,,9:42 AM,,Short Distance,"84,cloudy",Bonterra Village,Nike Free 4.0,1.7,0:14:17,8:24,7:33,
Saturday,6/7/2014,,4:07 PM,,Short Distance,,Bonterra Village,Nike Free 4.0,2.61,0:21:45,8:20,"6:55,8:58",
Sunday,6/8/2014,,10:55 AM,,Short Distance,"77,cloudy",Bonterra Village,Nike Free 4.0,2.58,0:21:53,8:27,"7:17,9:16",
Monday,6/9/2014,,10:41 AM,,Short Distance,"82,partly cloudy",Bonterra Village,Nike Free 4.0,2.3,0:20:36,8:56,"7:27,9:39",
Tuesday,6/10/2014,,4:34 PM,,Short Distance,"90,partly cloudy",Bonterra Village,Nike Free 4.0,2.58,0:22:04,8:32,"7:20,8:48",
Wednesday,6/11/2014,,,,,,,,,,,,
Thursday,6/12/2014,,,,,,,,,,,,
Friday,6/13/2014,,,,,,,,,,,,
Saturday,6/14/2014,,11:24 AM,,Short Distance,"82,sunny",Bonterra Village,Nike Free 4.0,2.69,0:22:21,8:17,"6:55,9:05",
Sunday,6/15/2014,,3:45 PM,,Short Distance,"90,sunny",Bonterra Village,Nike Free 4.0,2.57,0:21:30,8:21,"7:09,8:59",
Monday,6/16/2014,,,,,,,,,,,,
Tuesday,6/17/2014,,4:15 PM,,Short Distance,"97,sunny",Bonterra Village,Nike Free 4.0,2.33,0:18:49,8:03,"6:46,8:52",
Wednesday,6/18/2014,,,,,,,,,,,,
Thursday,6/19/2014,,,,,,,,,,,,
Friday,6/20/2014,,10:20 AM,,Short Distance,,Bonterra Village,Nike Free 4.0,2.42,0:21:42,8:58,"7:08,9:56",
Saturday,6/21/2014,,,,,,,,,,,,
Sunday,6/22/2014,,,,,,,,,,,,
Monday,6/23/2014,,7:59 PM,,Short Distance,"82,cloudy",Bonterra Village,Nike Free 4.0,2.58,0:21:06,8:10,"7:01,8:49",
Tuesday,6/24/2014,,,,,,,,,,,,
Wednesday,6/25/2014,,,,,,,,,,,,
Thursday,6/26/2014,,7:36 PM,,Short Distance,"88,sunny",Bonterra Village,Nike Free 4.0,2.57,0:21:38,8:24,"7:06,8:47",
Friday,6/27/2014,,,,,,,,,,,,
Saturday,6/28/2014,,,,,,,,,,,,
Sunday,6/29/2014,,8:12 PM,,Short Distance,"77,clear",Bonterra Village,Nike Free 4.0,2.57,0:21:50,8:28,"7:17,9:03",
Monday,6/30/2014,,,,,,,,,,,,
Tuesday,7/1/2014,,5:24 PM,,Short Distance,,Bonterra Village,Brooks Ghost 6,1.85,0:15:43,8:29,7:06,
Wednesday,7/2/2014,,,,,,,,,,,,
Thursday,7/3/2014,,7:02 PM,,Short Distance,"86,clear",Bonterra Village,Brooks Ghost 6,1.54,0:12:01,7:46,6:59,
Friday,7/4/2014,,,,,,,,,,,,
Saturday,7/5/2014,,4:30 PM,,Short Distance,"86,sunny",Bonterra Village,Brooks Ghost 6,1.1,0:08:49,7:58,7:10,
Sunday,7/6/2014,,,,,,,,,,,,
Monday,7/7/2014,,7:32 PM,,Short Distance,,Bonterra Village,Brooks Ghost 6,3.98,0:34:57,8:46,"6:53,9:08,9:06",
Tuesday,7/8/2014,,7:19 PM,,Short Distance,"88,sunny",Bonterra Village,Brooks Ghost 6,2.73,0:23:50,8:43,"6:48,8:57",
Wednesday,7/9/2014,,,,,,,,,,,,
Thursday,7/10/2014,,,,,,,,,,,,
Friday,7/11/2014,,,,,,,,,,,,
Saturday,7/12/2014,,2:52 PM,,Short Distance,"93,cloudy",Bonterra Village,Brooks Ghost 6,2.59,0:21:58,8:28,"6:58,9:01",
Sunday,7/13/2014,,6:27 PM,,Short Distance,"90,sunny",Bonterra Village,Brooks Ghost 6,1.83,0:16:28,8:58,7:19,
Monday,7/14/2014,,,,,,,,,,,,
Tuesday,7/15/2014,,,,,,,,,,,,
Wednesday,7/16/2014,,,,,,,,,,,,
Thursday,7/17/2014,,9:15 AM,,Short Distance,"72,cloudy",Bonterra Village,Brooks Ghost 6,3.13,0:26:56,8:35,"7:20,8:54,9:30",
Thursday,7/17/2014,,7:13 PM,,Short Distance,"82,partly cloudy",Bonterra Village,Brooks Ghost 6,2.54,0:20:41,8:08,"7:27,8:27",
Friday,7/18/2014,,10:28 AM,,Short Distance,"81,sunny",Bonterra Village,Brooks Ghost 6,2.36,0:19:53,8:25,"7:07,9:08",
Saturday,7/19/2014,,,,,,,,,,,,
Sunday,7/20/2014,,,,,,,,,,,,
Monday,7/21/2014,,7:59 AM,,Short Distance,"73,cloudy",Bonterra Village,Brooks Ghost 6,2.65,0:21:41,8:10,"7:05,8:43",
Tuesday,7/22/2014,,,,,,,,,,,,
Wednesday,7/23/2014,,,,,,,,,,,,
Thursday,7/24/2014,,,,,,,,,,,,
Friday,7/25/2014,,,,,,,,,,,,
Saturday,7/26/2014,,,,,,,,,,,,
Sunday,7/27/2014,,10:00 AM,,Short Distance,"72,sunny",Bonterra Village,Brooks Ghost 6,1.92,0:17:48,9:14,7:34,
Monday,7/28/2014,,11:58 AM,,Short Distance,"93,sunny",Bonterra Village,Brooks Ghost 6,2.58,0:22:35,8:43,"7:38,8:40",
Tuesday,7/29/2014,,4:35 PM,,Short Distance,"84,sunny",Bonterra Village,Brooks Ghost 6,2.6,0:20:36,7:55,"6:49,8:16",
Wednesday,7/30/2014,,,,,,,,,,,,
Thursday,7/31/2014,,,,,,,,,,,,
Friday,8/1/2014,,,,,,,,,,,,
Saturday,8/2/2014,,7:22 PM,,Short Distance,"70,cloudy",Bonterra Village,Brooks Ghost 6,2.2,0:17:49,8:05,"6:59,8:58",
Sunday,8/3/2014,,,,,,,,,,,,
Monday,8/4/2014,,5:36 PM,,Short Distance,,Bonterra Village,Brooks Ghost 6,2.51,0:23:03,9:10,"7:02,11:08",
Tuesday,8/5/2014,,,,,,,,,,,,
Wednesday,8/6/2014,,5:45 PM,,Short Distance,"90,sunny",Bonterra Village,Brooks Ghost 6,3.2,0:26:54,8:23,"6:39,8:45,9:43",
Thursday,8/7/2014,,,,,,,,,,,,
Friday,8/8/2014,,,,,,,,,,,,
Saturday,8/9/2014,,,,,,,,,,,,
Sunday,8/10/2014,,,,,,,,,,,,
Monday,8/11/2014,,7:32 PM,,Short Distance,"79,partly cloudy",Bonterra Village,Brooks Ghost 6,3.72,0:31:59,8:36,"7:32,8:16,9:40",
Tuesday,8/12/2014,,,,,,,,,,,,
Wednesday,8/13/2014,,,,,,,,,,,,
Thursday,8/14/2014,,,,,,,,,,,,
Friday,8/15/2014,,,,,,,,,,,,
Saturday,8/16/2014,,4:08 PM,,Short Distance,,UNC Campus,Brooks Ghost 6,3.51,0:33:16,9:28,"7:48,10:40,10:01",
Sunday,8/17/2014,,,,,,,,,,,,
Monday,8/18/2014,,,,,,,,,,,,
Tuesday,8/19/2014,,,,,,,,,,,,
Wednesday,8/20/2014,,,,,,,,,,,,
Thursday,8/21/2014,,,,,,,,,,,,
Friday,8/22/2014,,,,,,,,,,,,
Saturday,8/23/2014,,,,,,,,,,,,
Sunday,8/24/2014,,,,,,,,,,,,
Monday,8/25/2014,,,,,,,,,,,,
Tuesday,8/26/2014,,,,,,,,,,,,
Wednesday,8/27/2014,,,,,,,,,,,,
Thursday,8/28/2014,,,,,,,,,,,,
Friday,8/29/2014,,,,,,,,,,,,
Saturday,8/30/2014,,,,,,,,,,,,
Sunday,8/31/2014,,,,,,,,,,,,
Monday,9/1/2014,,7:03 PM,,Short Distance,"80,sunny",UNC Campus,Brooks Ghost 6,3.53,0:31:41,8:58,"8:10,7:51,10:17",
Tuesday,9/2/2014,,,,,,,,,,,,
Wednesday,9/3/2014,,,,,,,,,,,,
Thursday,9/4/2014,,,,,,,,,,,,
Friday,9/5/2014,,,,,,,,,,,,
Saturday,9/6/2014,,,,,,,,,,,,
Sunday,9/7/2014,,,,,,,,,,,,
Monday,9/8/2014,,,,,,,,,,,,
Tuesday,9/9/2014,,,,,,,,,,,,
Wednesday,9/10/2014,,,,,,,,,,,,
Thursday,9/11/2014,,,,,,,,,,,,
Friday,9/12/2014,,8:08 AM,,Short Distance,,UNC Campus,Brooks Ghost 6,3.27,0:27:24,8:21,"8:10,8:39,8:30",
Saturday,9/13/2014,,,,,,,,,,,,
Sunday,9/14/2014,,,,,,,,,,,,
Monday,9/15/2014,,,,,,,,,,,,
Tuesday,9/16/2014,,,,,,,,,,,,
Wednesday,9/17/2014,,,,,,,,,,,,
Thursday,9/18/2014,,,,,,,,,,,,
Friday,9/19/2014,,,,,,,,,,,,
Saturday,9/20/2014,,,,,,,,,,,,
Sunday,9/21/2014,,,,,,,,,,,,
Monday,9/22/2014,,,,,,,,,,,,
Tuesday,9/23/2014,,,,,,,,,,,,
Wednesday,9/24/2014,,,,,,,,,,,,
Thursday,9/25/2014,,,,,,,,,,,,
Friday,9/26/2014,,,,,,,,,,,,
Saturday,9/27/2014,,,,,,,,,,,,
Sunday,9/28/2014,,,,,,,,,,,,
Monday,9/29/2014,,,,,,,,,,,,
Tuesday,9/30/2014,,,,,,,,,,,,
Wednesday,10/1/2014,,,,,,,,,,,,
Thursday,10/2/2014,,,,,,,,,,,,
Friday,10/3/2014,,,,,,,,,,,,
Saturday,10/4/2014,,,,,,,,,,,,
Sunday,10/5/2014,,,,,,,,,,,,
Monday,10/6/2014,,,,,,,,,,,,
Tuesday,10/7/2014,,,,,,,,,,,,
Wednesday,10/8/2014,,,,,,,,,,,,
Thursday,10/9/2014,,,,,,,,,,,,
Friday,10/10/2014,,,,,,,,,,,,
Saturday,10/11/2014,,,,,,,,,,,,
Sunday,10/12/2014,,,,,,,,,,,,
Monday,10/13/2014,,,,,,,,,,,,
Tuesday,10/14/2014,,,,,,,,,,,,
Wednesday,10/15/2014,,,,,,,,,,,,
Thursday,10/16/2014,,,,,,,,,,,,
Friday,10/17/2014,,,,,,,,,,,,
Saturday,10/18/2014,,,,,,,,,,,,
Sunday,10/19/2014,,,,,,,,,,,,
Monday,10/20/2014,,,,,,,,,,,,
Tuesday,10/21/2014,,,,,,,,,,,,
Wednesday,10/22/2014,,,,,,,,,,,,
Thursday,10/23/2014,,,,,,,,,,,,
Friday,10/24/2014,,,,,,,,,,,,
Saturday,10/25/2014,,,,,,,,,,,,
Sunday,10/26/2014,,,,,,,,,,,,
Monday,10/27/2014,,,,,,,,,,,,
Tuesday,10/28/2014,,,,,,,,,,,,
Wednesday,10/29/2014,,,,,,,,,,,,
Thursday,10/30/2014,,,,,,,,,,,,
Friday,10/31/2014,,,,,,,,,,,,
Saturday,11/1/2014,,,,,,,,,,,,
Sunday,11/2/2014,,,,,,,,,,,,
Monday,11/3/2014,,,,,,,,,,,,
Tuesday,11/4/2014,,,,,,,,,,,,
Wednesday,11/5/2014,,,,,,,,,,,,
Thursday,11/6/2014,,,,,,,,,,,,
Friday,11/7/2014,,,,,,,,,,,,
Saturday,11/8/2014,,,,,,,,,,,,
Sunday,11/9/2014,,,,,,,,,,,,
Monday,11/10/2014,,,,,,,,,,,,
Tuesday,11/11/2014,,,,,,,,,,,,
Wednesday,11/12/2014,,,,,,,,,,,,
Thursday,11/13/2014,,,,,,,,,,,,
Friday,11/14/2014,,,,,,,,,,,,
Saturday,11/15/2014,,,,,,,,,,,,
Sunday,11/16/2014,,,,,,,,,,,,
Monday,11/17/2014,,,,,,,,,,,,
Tuesday,11/18/2014,,,,,,,,,,,,
Wednesday,11/19/2014,,,,,,,,,,,,
Thursday,11/20/2014,,,,,,,,,,,,
Friday,11/21/2014,,,,,,,,,,,,
Saturday,11/22/2014,,,,,,,,,,,,
Sunday,11/23/2014,,,,,,,,,,,,
Monday,11/24/2014,,,,,,,,,,,,
Tuesday,11/25/2014,,,,,,,,,,,,
Wednesday,11/26/2014,,,,,,,,,,,,
Thursday,11/27/2014,,,,,,,,,,,,
Friday,11/28/2014,,,,,,,,,,,,
Saturday,11/29/2014,,,,,,,,,,,,
Sunday,11/30/2014,,,,,,,,,,,,
Monday,12/1/2014,,,,,,,,,,,,
Tuesday,12/2/2014,,,,,,,,,,,,
Wednesday,12/3/2014,,,,,,,,,,,,
Thursday,12/4/2014,,,,,,,,,,,,
Friday,12/5/2014,,,,,,,,,,,,
Saturday,12/6/2014,,,,,,,,,,,,
Sunday,12/7/2014,,,,,,,,,,,,
Monday,12/8/2014,,,,,,,,,,,,
Tuesday,12/9/2014,,,,,,,,,,,,
Wednesday,12/10/2014,,,,,,,,,,,,
Thursday,12/11/2014,,,,,,,,,,,,
Friday,12/12/2014,,,,,,,,,,,,
Saturday,12/13/2014,,,,,,,,,,,,
Sunday,12/14/2014,,,,,,,,,,,,
Monday,12/15/2014,,,,,,,,,,,,
Tuesday,12/16/2014,,,,,,,,,,,,
Wednesday,12/17/2014,,,,,,,,,,,,
Thursday,12/18/2014,,,,,,,,,,,,
Friday,12/19/2014,,,,,,,,,,,,
Saturday,12/20/2014,,,,,,,,,,,,
Sunday,12/21/2014,,,,,,,,,,,,
Monday,12/22/2014,,,,,,,,,,,,
Tuesday,12/23/2014,,,,,,,,,,,,
Wednesday,12/24/2014,,,,,,,,,,,,
Thursday,12/25/2014,,,,,,,,,,,,
Friday,12/26/2014,,,,,,,,,,,,
Saturday,12/27/2014,,,,,,,,,,,,
Sunday,12/28/2014,,,,,,,,,,,,
Monday,12/29/2014,,,,,,,,,,,,
Tuesday,12/30/2014,,,,,,,,,,,,
Wednesday,12/31/2014,,,,,,,,,,,,
Thursday,1/1/2015,,,,,,,,,,,,
Friday,1/2/2015,,,,,,,,,,,,
Saturday,1/3/2015,,,,,,,,,,,,
Sunday,1/4/2015,,,,,,,,,,,,
Monday,1/5/2015,,,,,,,,,,,,
Tuesday,1/6/2015,,,,,,,,,,,,
Wednesday,1/7/2015,,,,,,,,,,,,
Thursday,1/8/2015,,,,,,,,,,,,
Friday,1/9/2015,,,,,,,,,,,,
Saturday,1/10/2015,,,,,,,,,,,,
Sunday,1/11/2015,,,,,,,,,,,,
Monday,1/12/2015,,,,,,,,,,,,
Tuesday,1/13/2015,,,,,,,,,,,,
Wednesday,1/14/2015,,,,,,,,,,,,
Thursday,1/15/2015,,,,,,,,,,,,
Friday,1/16/2015,,,,,,,,,,,,
Saturday,1/17/2015,,,,,,,,,,,,
Sunday,1/18/2015,,,,,,,,,,,,
Monday,1/19/2015,,,,,,,,,,,,
Tuesday,1/20/2015,,,,,,,,,,,,
Wednesday,1/21/2015,,,,,,,,,,,,
Thursday,1/22/2015,,,,,,,,,,,,
Friday,1/23/2015,,,,,,,,,,,,
Saturday,1/24/2015,,,,,,,,,,,,
Sunday,1/25/2015,,,,,,,,,,,,
Monday,1/26/2015,,,,,,,,,,,,
Tuesday,1/27/2015,,,,,,,,,,,,
Wednesday,1/28/2015,,,,,,,,,,,,
Thursday,1/29/2015,,,,,,,,,,,,
Friday,1/30/2015,,,,,,,,,,,,
Saturday,1/31/2015,,,,,,,,,,,,
Sunday,2/1/2015,,,,,,,,,,,,
Monday,2/2/2015,,,,,,,,,,,,
Tuesday,2/3/2015,,,,,,,,,,,,
Wednesday,2/4/2015,,,,,,,,,,,,
Thursday,2/5/2015,,,,,,,,,,,,
Friday,2/6/2015,,,,,,,,,,,,
Saturday,2/7/2015,,,,,,,,,,,,
Sunday,2/8/2015,,,,,,,,,,,,
Monday,2/9/2015,,,,,,,,,,,,
Tuesday,2/10/2015,,,,,,,,,,,,
Wednesday,2/11/2015,,,,,,,,,,,,
Thursday,2/12/2015,,,,,,,,,,,,
Friday,2/13/2015,,,,,,,,,,,,
Saturday,2/14/2015,,,,,,,,,,,,
Sunday,2/15/2015,,,,,,,,,,,,
Monday,2/16/2015,,,,,,,,,,,,
Tuesday,2/17/2015,,,,,,,,,,,,
Wednesday,2/18/2015,,,,,,,,,,,,
Thursday,2/19/2015,,,,,,,,,,,,
Friday,2/20/2015,,,,,,,,,,,,
Saturday,2/21/2015,,,,,,,,,,,,
Sunday,2/22/2015,,,,,,,,,,,,
Monday,2/23/2015,,,,,,,,,,,,
Tuesday,2/24/2015,,,,,,,,,,,,
Wednesday,2/25/2015,,,,,,,,,,,,
Thursday,2/26/2015,,,,,,,,,,,,
Friday,2/27/2015,,,,,,,,,,,,
Saturday,2/28/2015,,,,,,,,,,,,
Sunday,3/1/2015,,,,,,,,,,,,
Monday,3/2/2015,,,,,,,,,,,,
Tuesday,3/3/2015,,,,,,,,,,,,
Wednesday,3/4/2015,,,,,,,,,,,,
Thursday,3/5/2015,,,,,,,,,,,,
Friday,3/6/2015,,,,,,,,,,,,
Saturday,3/7/2015,,9:50 AM,,Short Distance,,Bonterra Village,Nike Free 4.0,3.18,0:25:39,8:04,"7:11,8:07,8:47",
Sunday,3/8/2015,,6:40 PM,,Short Distance,,Bonterra Village,Nike Free 4.0,2.67,0:22:58,8:35,"7:54,9:01",
Monday,3/9/2015,,,,,,,,,,,,
Tuesday,3/10/2015,,,,,,,,,,,,
Wednesday,3/11/2015,,,,,,,,,,,,
Thursday,3/12/2015,,,,,,,,,,,,
Friday,3/13/2015,,,,,,,,,,,,
Saturday,3/14/2015,,,,,,,,,,,,
Sunday,3/15/2015,,,,,,,,,,,,
Monday,3/16/2015,,,,,,,,,,,,
Tuesday,3/17/2015,,,,,,,,,,,,
Wednesday,3/18/2015,,,,,,,,,,,,
Thursday,3/19/2015,,,,,,,,,,,,
Friday,3/20/2015,,,,,,,,,,,,
Saturday,3/21/2015,,,,,,,,,,,,
Sunday,3/22/2015,,,,,,,,,,,,
Monday,3/23/2015,,,,,,,,,,,,
Tuesday,3/24/2015,,,,,,,,,,,,
Wednesday,3/25/2015,,,,,,,,,,,,
Thursday,3/26/2015,,,,,,,,,,,,
Friday,3/27/2015,,,,,,,,,,,,
Saturday,3/28/2015,,,,,,,,,,,,
Sunday,3/29/2015,,,,,,,,,,,,
Monday,3/30/2015,,,,,,,,,,,,
Tuesday,3/31/2015,,,,,,,,,,,,
Wednesday,4/1/2015,,,,,,,,,,,,
Thursday,4/2/2015,,,,,,,,,,,,
Friday,4/3/2015,,,,,,,,,,,,
Saturday,4/4/2015,,,,,,,,,,,,
Sunday,4/5/2015,,,,,,,,,,,,
Monday,4/6/2015,,,,,,,,,,,,
Tuesday,4/7/2015,,,,,,,,,,,,
Wednesday,4/8/2015,,,,,,,,,,,,
Thursday,4/9/2015,,,,,,,,,,,,
Friday,4/10/2015,,,,,,,,,,,,
Saturday,4/11/2015,,,,,,,,,,,,
Sunday,4/12/2015,,,,,,,,,,,,
Monday,4/13/2015,,,,,,,,,,,,
Tuesday,4/14/2015,,,,,,,,,,,,
Wednesday,4/15/2015,,,,,,,,,,,,
Thursday,4/16/2015,,,,,,,,,,,,
Friday,4/17/2015,,,,,,,,,,,,
Saturday,4/18/2015,,,,,,,,,,,,
Sunday,4/19/2015,,,,,,,,,,,,
Monday,4/20/2015,,,,,,,,,,,,
Tuesday,4/21/2015,,,,,,,,,,,,
Wednesday,4/22/2015,,,,,,,,,,,,
Thursday,4/23/2015,,,,,,,,,,,,
Friday,4/24/2015,,,,,,,,,,,,
Saturday,4/25/2015,,,,,,,,,,,,
Sunday,4/26/2015,,,,,,,,,,,,
Monday,4/27/2015,,,,,,,,,,,,
Tuesday,4/28/2015,,,,,,,,,,,,
Wednesday,4/29/2015,,,,,,,,,,,,
Thursday,4/30/2015,,,,,,,,,,,,
Friday,5/1/2015,,,,,,,,,,,,
Saturday,5/2/2015,,,,,,,,,,,,
Sunday,5/3/2015,,,,,,,,,,,,
Monday,5/4/2015,,,,,,,,,,,,
Tuesday,5/5/2015,,,,,,,,,,,,
Wednesday,5/6/2015,,,,,,,,,,,,
Thursday,5/7/2015,,,,,,,,,,,,
Friday,5/8/2015,,,,,,,,,,,,
Saturday,5/9/2015,,,,,,,,,,,,
Sunday,5/10/2015,,,,,,,,,,,,
Monday,5/11/2015,,,,,,,,,,,,
Tuesday,5/12/2015,,,,,,,,,,,,
Wednesday,5/13/2015,,,,,,,,,,,,
Thursday,5/14/2015,,,,,,,,,,,,
Friday,5/15/2015,,,,,,,,,,,,
Saturday,5/16/2015,,,,,,,,,,,,
Sunday,5/17/2015,,,,,,,,,,,,
Monday,5/18/2015,,,,,,,,,,,,
Tuesday,5/19/2015,,,,,,,,,,,,
Wednesday,5/20/2015,,,,,,,,,,,,
Thursday,5/21/2015,,,,,,,,,,,,
Friday,5/22/2015,,,,,,,,,,,,
Saturday,5/23/2015,,,,,,,,,,,,
Sunday,5/24/2015,,,,,,,,,,,,
Monday,5/25/2015,,,,,,,,,,,,
Tuesday,5/26/2015,,,,,,,,,,,,
Wednesday,5/27/2015,,,,,,,,,,,,
Thursday,5/28/2015,,,,,,,,,,,,
Friday,5/29/2015,,,,,,,,,,,,
Saturday,5/30/2015,,,,,,,,,,,,
Sunday,5/31/2015,,,,,,,,,,,,
Monday,6/1/2015,,,,,,,,,,,,
Tuesday,6/2/2015,,,,,,,,,,,,
Wednesday,6/3/2015,,,,,,,,,,,,
Thursday,6/4/2015,,,,,,,,,,,,
Friday,6/5/2015,,,,,,,,,,,,
Saturday,6/6/2015,,,,,,,,,,,,
Sunday,6/7/2015,,,,,,,,,,,,
Monday,6/8/2015,,,,,,,,,,,,
Tuesday,6/9/2015,,,,,,,,,,,,
Wednesday,6/10/2015,,,,,,,,,,,,
Thursday,6/11/2015,,,,,,,,,,,,
Friday,6/12/2015,,,,,,,,,,,,
Saturday,6/13/2015,,,,,,,,,,,,
Sunday,6/14/2015,,,,,,,,,,,,
Monday,6/15/2015,,,,,,,,,,,,
Tuesday,6/16/2015,,,,,,,,,,,,
Wednesday,6/17/2015,,,,,,,,,,,,
Thursday,6/18/2015,,,,,,,,,,,,
Friday,6/19/2015,,,,,,,,,,,,
Saturday,6/20/2015,,,,,,,,,,,,
Sunday,6/21/2015,,,,,,,,,,,,
Monday,6/22/2015,,,,,,,,,,,,
Tuesday,6/23/2015,,,,,,,,,,,,
Wednesday,6/24/2015,,,,,,,,,,,,
Thursday,6/25/2015,,,,,,,,,,,,
Friday,6/26/2015,,,,,,,,,,,,
Saturday,6/27/2015,,,,,,,,,,,,
Sunday,6/28/2015,,,,,,,,,,,,
Monday,6/29/2015,,,,,,,,,,,,
Tuesday,6/30/2015,,,,,,,,,,,,
Wednesday,7/1/2015,,,,,,,,,,,,
Thursday,7/2/2015,,,,,,,,,,,,
Friday,7/3/2015,,,,,,,,,,,,
Saturday,7/4/2015,,,,,,,,,,,,
Sunday,7/5/2015,,,,,,,,,,,,
Monday,7/6/2015,,,,,,,,,,,,
Tuesday,7/7/2015,,,,,,,,,,,,
Wednesday,7/8/2015,,,,,,,,,,,,
Thursday,7/9/2015,,,,,,,,,,,,
Friday,7/10/2015,,,,,,,,,,,,
Saturday,7/11/2015,,,,,,,,,,,,
Sunday,7/12/2015,,,,,,,,,,,,
Monday,7/13/2015,,,,,,,,,,,,
Tuesday,7/14/2015,,,,,,,,,,,,
Wednesday,7/15/2015,,,,,,,,,,,,
Thursday,7/16/2015,,,,,,,,,,,,
Friday,7/17/2015,,,,,,,,,,,,
Saturday,7/18/2015,,,,,,,,,,,,
Sunday,7/19/2015,,,,,,,,,,,,
Monday,7/20/2015,,,,,,,,,,,,
Tuesday,7/21/2015,,,,,,,,,0:30:00,,,
Wednesday,7/22/2015,,,,,,,,,0:30:00,,,
Thursday,7/23/2015,,,,,,,,,0:30:00,,,
Friday,7/24/2015,,,,,,,,,0:30:00,,,
Saturday,7/25/2015,,,,,,,,,0:30:00,,,
Sunday,7/26/2015,,,,,,,,,0:50:00,,,
Monday,7/27/2015,,,,,,,,,,,,
Tuesday,7/28/2015,,,,,,,,,0:40:00,,,
Wednesday,7/29/2015,,6:14 PM,,,Cloudy,Bonterra Village,,2.93,0:22:17,7:37,"6:49,7:34,8:32",
Thursday,7/30/2015,,,,,,,,,,,,
Friday,7/31/2015,,7:15 PM,,,Mostly Sunny,Bonterra Village,,3.48,0:26:33,7:37,"6:49,7:24,8:16",
Saturday,8/1/2015,,8:44 PM,,,Mostly Clear,Bonterra Village,,2.57,0:19:42,7:39,"7:15,7:48,8:02",
Sunday,8/2/2015,,,,,,,,,,,,
Monday,8/3/2015,,6:48 PM,,,Partly Cloudy,Bonterra Village,,2.88,0:21:09,7:19,"6:51,7:07,8:00",
Tuesday,8/4/2015,,,,,,,,,,,,
Wednesday,8/5/2015,,6:41 PM,,,Mostly Cloudy,Bonterra Village,,3.15,0:24:53,7:53,"6:53,7:28,9:21",
Thursday,8/6/2015,,,,,,,,,,,,
Friday,8/7/2015,,6:58 PM,,,Mostly Sunny,Bonterra Village,,5.43,0:45:47,8:26,"7:15,11:24,7:08,7:36,7:42",
Saturday,8/8/2015,,,,,,,,,,,,
Sunday,8/9/2015,,6:40 PM,,,Mostly Sunny,Bonterra Village,,3.18,0:24:43,7:46,"6:45,7:35,7:53",
Monday,8/10/2015,,,,,,,,,,,,
Tuesday,8/11/2015,,7:37 PM,,,Mostly Sunny,Bonterra Village,,1.39,0:10:45,7:44,7:01,
Tuesday,8/11/2015,,7:52 PM,,,Mostly Sunny,Bonterra Village,,2.58,0:19:01,7:22,"7:04,7:26",
Wednesday,8/12/2015,,,,,,,,,,,,
Thursday,8/13/2015,,,,,,,,,,,,
Friday,8/14/2015,,5:52 PM,,,Mostly Sunny,UNC Campus,,4.3,0:36:39,8:30,"7:34,7:55,9:53,8:40,8:16",
Saturday,8/15/2015,,,,,,,,,,,,
Sunday,8/16/2015,,,,,,,,,,,,
Monday,8/17/2015,,7:08 PM,,,Mostly Sunny,UNC Campus,,4.47,0:36:59,8:16,"7:54,7:19,8:19,9:03",
Tuesday,8/18/2015,,,,,,,,,,,,
Wednesday,8/19/2015,,,,,,,,,,,,
Thursday,8/20/2015,,,,,,,,,,,,
Friday,8/21/2015,,4:40 PM,,,Mostly Cloudy,UNC Campus,,4.33,0:35:34,8:13,"7:27,7:15,7:55,8:40",
Saturday,8/22/2015,,,,,,,,,,,,
Sunday,8/23/2015,,,,,,,,,,,,
Monday,8/24/2015,,,,,,,,,,,,
Tuesday,8/25/2015,,,,,,,,,,,,
Wednesday,8/26/2015,,,,,,,,,,,,
Thursday,8/27/2015,,,,,,,,,,,,
Friday,8/28/2015,,,,,,,,,,,,
Saturday,8/29/2015,,,,,,,,,,,,
Sunday,8/30/2015,,,,,,,,,,,,
Monday,8/31/2015,,,,,,,,,,,,
Tuesday,9/1/2015,,,,,,,,,,,,
Wednesday,9/2/2015,,,,,,,,,,,,
Thursday,9/3/2015,,,,,,,,,,,,
Friday,9/4/2015,,,,,,,,,,,,
Saturday,9/5/2015,,,,,,,,,,,,
Sunday,9/6/2015,,,,,,,,,,,,
Monday,9/7/2015,,,,,,,,,,,,
Tuesday,9/8/2015,,,,,,,,,,,,
Wednesday,9/9/2015,,,,,,,,,,,,
Thursday,9/10/2015,,,,,,,,,,,,
Friday,9/11/2015,,,,,,,,,,,,
Saturday,9/12/2015,,,,,,,,,,,,
Sunday,9/13/2015,,,,,,,,,,,,
Monday,9/14/2015,,,,,,,,,,,,
Tuesday,9/15/2015,,,,,,,,,,,,
Wednesday,9/16/2015,,,,,,,,,,,,
Thursday,9/17/2015,,,,,,,,,,,,
Friday,9/18/2015,,,,,,,,,,,,
Saturday,9/19/2015,,,,,,,,,,,,
Sunday,9/20/2015,,,,,,,,,,,,
Monday,9/21/2015,,,,,,,,,,,,
Tuesday,9/22/2015,,,,,,,,,,,,
Wednesday,9/23/2015,,,,,,,,,,,,
Thursday,9/24/2015,,,,,,,,,,,,
Friday,9/25/2015,,,,,,,,,,,,
Saturday,9/26/2015,,,,,,,,,,,,
Sunday,9/27/2015,,,,,,,,,,,,
Monday,9/28/2015,,,,,,,,,,,,
Tuesday,9/29/2015,,,,,,,,,,,,
Wednesday,9/30/2015,,,,,,,,,,,,
Thursday,10/1/2015,,,,,,,,,,,,
Friday,10/2/2015,,,,,,,,,,,,
Saturday,10/3/2015,,,,,,,,,,,,
Sunday,10/4/2015,,,,,,,,,,,,
Monday,10/5/2015,,,,,,,,,,,,
Tuesday,10/6/2015,,,,,,,,,,,,
Wednesday,10/7/2015,,,,,,,,,,,,
Thursday,10/8/2015,,,,,,,,,,,,
Friday,10/9/2015,,,,,,,,,,,,
Saturday,10/10/2015,,,,,,,,,,,,
Sunday,10/11/2015,,,,,,,,,,,,
Monday,10/12/2015,,,,,,,,,,,,
Tuesday,10/13/2015,,,,,,,,,,,,
Wednesday,10/14/2015,,,,,,,,,,,,
Thursday,10/15/2015,,,,,,,,,,,,
Friday,10/16/2015,,,,,,,,,,,,
Saturday,10/17/2015,,,,,,,,,,,,
Sunday,10/18/2015,,,,,,,,,,,,
Monday,10/19/2015,,,,,,,,,,,,
Tuesday,10/20/2015,,,,,,,,,,,,
Wednesday,10/21/2015,,,,,,,,,,,,
Thursday,10/22/2015,,,,,,,,,,,,
Friday,10/23/2015,,,,,,,,,,,,
Saturday,10/24/2015,,,,,,,,,,,,
Sunday,10/25/2015,,,,,,,,,,,,
Monday,10/26/2015,,,,,,,,,,,,
Tuesday,10/27/2015,,,,,,,,,,,,
Wednesday,10/28/2015,,,,,,,,,,,,
Thursday,10/29/2015,,,,,,,,,,,,
Friday,10/30/2015,,,,,,,,,,,,
Saturday,10/31/2015,,,,,,,,,,,,
Sunday,11/1/2015,,,,,,,,,,,,
Monday,11/2/2015,,,,,,,,,,,,
Tuesday,11/3/2015,,,,,,,,,,,,
Wednesday,11/4/2015,,,,,,,,,,,,
Thursday,11/5/2015,,,,,,,,,,,,
Friday,11/6/2015,,,,,,,,,,,,
Saturday,11/7/2015,,,,,,,,,,,,
Sunday,11/8/2015,,,,,,,,,,,,
Monday,11/9/2015,,,,,,,,,,,,
Tuesday,11/10/2015,,,,,,,,,,,,
Wednesday,11/11/2015,,,,,,,,,,,,
Thursday,11/12/2015,,,,,,,,,,,,
Friday,11/13/2015,,,,,,,,,,,,
Saturday,11/14/2015,,,,,,,,,,,,
Sunday,11/15/2015,,,,,,,,,,,,
Monday,11/16/2015,,,,,,,,,,,,
Tuesday,11/17/2015,,,,,,,,,,,,
Wednesday,11/18/2015,,,,,,,,,,,,
Thursday,11/19/2015,,,,,,,,,,,,
Friday,11/20/2015,,,,,,,,,,,,
Saturday,11/21/2015,,,,,,,,,,,,
Sunday,11/22/2015,,,,,,,,,,,,
Monday,11/23/2015,,,,,,,,,,,,
Tuesday,11/24/2015,,,,,,,,,,,,
Wednesday,11/25/2015,,,,,,,,,,,,
Thursday,11/26/2015,,,,,,,,,,,,
Friday,11/27/2015,,,,,,,,,,,,
Saturday,11/28/2015,,,,,,,,,,,,
Sunday,11/29/2015,,,,,,,,,,,,
Monday,11/30/2015,,,,,,,,,,,,
Tuesday,12/1/2015,,,,,,,,,,,,
Wednesday,12/2/2015,,,,,,,,,,,,
Thursday,12/3/2015,,,,,,,,,,,,
Friday,12/4/2015,,,,,,,,,,,,
Saturday,12/5/2015,,,,,,,,,,,,
Sunday,12/6/2015,,,,,,,,,,,,
Monday,12/7/2015,,,,,,,,,,,,
Tuesday,12/8/2015,,,,,,,,,,,,
Wednesday,12/9/2015,,,,,,,,,,,,
Thursday,12/10/2015,,,,,,,,,,,,
Friday,12/11/2015,,,,,,,,,,,,
Saturday,12/12/2015,,,,,,,,,,,,
Sunday,12/13/2015,,,,,,,,,,,,
Monday,12/14/2015,,,,,,,,,,,,
Tuesday,12/15/2015,,,,,,,,,,,,
Wednesday,12/16/2015,,,,,,,,,,,,
Thursday,12/17/2015,,,,,,,,,,,,
Friday,12/18/2015,,,,,,,,,,,,
Saturday,12/19/2015,,,,,,,,,,,,
Sunday,12/20/2015,,,,,,,,,,,,
Monday,12/21/2015,,,,,,,,,,,,
Tuesday,12/22/2015,,,,,,,,,,,,
Wednesday,12/23/2015,,,,,,,,,,,,
Thursday,12/24/2015,,,,,,,,,,,,
Friday,12/25/2015,,,,,,,,,,,,
Saturday,12/26/2015,,,,,,,,,,,,
Sunday,12/27/2015,,,,,,,,,,,,
Monday,12/28/2015,,,,,,,,,,,,
Tuesday,12/29/2015,,,,,,,,,,,,
Wednesday,12/30/2015,,,,,,,,,,,,
Thursday,12/31/2015,,,,,,,,,,,,
Friday,1/1/2016,,,,,,,,,,,,
Saturday,1/2/2016,,,,,,,,,,,,
Sunday,1/3/2016,,,,,,,,,,,,
Monday,1/4/2016,,,,,,,,,,,,
Tuesday,1/5/2016,,1:10 PM,,,,Bonterra Village,Brooks Ghost 8,3.49,0:27:00,7:44,,
Wednesday,1/6/2016,,,,,,,,,,,,
Thursday,1/7/2016,,,,,,,,,,,,
Friday,1/8/2016,,,,,,,,,,,,
Saturday,1/9/2016,,,,,,,,,,,,
Sunday,1/10/2016,,,,,,,,,,,,
Monday,1/11/2016,,,,,,,,,,,,
Tuesday,1/12/2016,,,,,,,,,,,,
Wednesday,1/13/2016,,,,,,,,,,,,
Thursday,1/14/2016,,,,,,,,,,,,
Friday,1/15/2016,,,,,,,,,,,,
Saturday,1/16/2016,,,,,,,,,,,,
Sunday,1/17/2016,,,,,,,,,,,,
Monday,1/18/2016,,,,,,,,,,,,
Tuesday,1/19/2016,,,,,,,,,,,,
Wednesday,1/20/2016,,,,,,,,,,,,
Thursday,1/21/2016,,,,,,,,,,,,
Friday,1/22/2016,,,,,,,,,,,,
Saturday,1/23/2016,,,,,,,,,,,,
Sunday,1/24/2016,,,,,,,,,,,,
Monday,1/25/2016,,,,,,,,,,,,
Tuesday,1/26/2016,,,,,,,,,,,,
Wednesday,1/27/2016,,,,,,,,,,,,
Thursday,1/28/2016,,,,,,,,,,,,
Friday,1/29/2016,,,,,,,,,,,,
Saturday,1/30/2016,,,,,,,,,,,,
Sunday,1/31/2016,,,,,,,,,,,,
Monday,2/1/2016,,,,,,,,,,,,
Tuesday,2/2/2016,,,,,,,,,,,,
Wednesday,2/3/2016,,,,,,,,,,,,
Thursday,2/4/2016,,,,,,,,,,,,
Friday,2/5/2016,,,,,,,,,,,,
Saturday,2/6/2016,,,,,,,,,,,,
Sunday,2/7/2016,,,,,,,,,,,,
Monday,2/8/2016,,,,,,,,,,,,
Tuesday,2/9/2016,,,,,,,,,,,,
Wednesday,2/10/2016,,,,,,,,,,,,
Thursday,2/11/2016,,,,,,,,,,,,
Friday,2/12/2016,,,,,,,,,,,,
Saturday,2/13/2016,,,,,,,,,,,,
Sunday,2/14/2016,,,,,,,,,,,,
Monday,2/15/2016,,,,,,,,,,,,
Tuesday,2/16/2016,,,,,,,,,,,,
Wednesday,2/17/2016,,,,,,,,,,,,
Thursday,2/18/2016,,,,,,,,,,,,
Friday,2/19/2016,,,,,,,,,,,,
Saturday,2/20/2016,,,,,,,,,,,,
Sunday,2/21/2016,,,,,,,,,,,,
Monday,2/22/2016,,,,,,,,,,,,
Tuesday,2/23/2016,,,,,,,,,,,,
Wednesday,2/24/2016,,,,,,,,,,,,
Thursday,2/25/2016,,,,,,,,,,,,
Friday,2/26/2016,,,,,,,,,,,,
Saturday,2/27/2016,,,,,,,,,,,,
Sunday,2/28/2016,,,,,,,,,,,,
Monday,2/29/2016,,,,,,,,,,,,
Tuesday,3/1/2016,,,,,,,,,,,,
Wednesday,3/2/2016,,,,,,,,,,,,
Thursday,3/3/2016,,,,,,,,,,,,
Friday,3/4/2016,,,,,,,,,,,,
Saturday,3/5/2016,,,,,,,,,,,,
Sunday,3/6/2016,,,,,,,,,,,,
Monday,3/7/2016,,,,,,,,,,,,
Tuesday,3/8/2016,,,,,,,,,,,,
Wednesday,3/9/2016,,,,,,,,,,,,
Thursday,3/10/2016,,,,,,,,,,,,
Friday,3/11/2016,,,,,,,,,,,,
Saturday,3/12/2016,,,,,,,,,,,,
Sunday,3/13/2016,,,,,,,,,,,,
Monday,3/14/2016,,,,,,,,,,,,
Tuesday,3/15/2016,,,,,,,,,,,,
Wednesday,3/16/2016,,,,,,,,,,,,
Thursday,3/17/2016,,,,,,,,,,,,
Friday,3/18/2016,,,,,,,,,,,,
Saturday,3/19/2016,,,,,,,,,,,,
Sunday,3/20/2016,,,,,,,,,,,,
Monday,3/21/2016,,,,,,,,,,,,
Tuesday,3/22/2016,,,,,,,,,,,,
Wednesday,3/23/2016,,,,,,,,,,,,
Thursday,3/24/2016,,,,,,,,,,,,
Friday,3/25/2016,,,,,,,,,,,,
Saturday,3/26/2016,,,,,,,,,,,,
Sunday,3/27/2016,,,,,,,,,,,,
Monday,3/28/2016,,,,,,,,,,,,
Tuesday,3/29/2016,,,,,,,,,,,,
Wednesday,3/30/2016,,,,,,,,,,,,
Thursday,3/31/2016,,,,,,,,,,,,
Friday,4/1/2016,,,,,,,,,,,,
Saturday,4/2/2016,,,,,,,,,,,,
Sunday,4/3/2016,,,,,,,,,,,,
Monday,4/4/2016,,,,,,,,,,,,
Tuesday,4/5/2016,,,,,,,,,,,,
Wednesday,4/6/2016,,,,,,,,,,,,
Thursday,4/7/2016,,,,,,,,,,,,
Friday,4/8/2016,,,,,,,,,,,,
Saturday,4/9/2016,,,,,,,,,,,,
Sunday,4/10/2016,,,,,,,,,,,,
Monday,4/11/2016,,,,,,,,,,,,
Tuesday,4/12/2016,,,,,,,,,,,,
Wednesday,4/13/2016,,,,,,,,,,,,
Thursday,4/14/2016,,,,,,,,,,,,
Friday,4/15/2016,,,,,,,,,,,,
Saturday,4/16/2016,,,,,,,,,,,,
Sunday,4/17/2016,,,,,,,,,,,,
Monday,4/18/2016,,,,,,,,,,,,
Tuesday,4/19/2016,,,,,,,,,,,,
Wednesday,4/20/2016,,,,,,,,,,,,
Thursday,4/21/2016,,,,,,,,,,,,
Friday,4/22/2016,,,,,,,,,,,,
Saturday,4/23/2016,,,,,,,,,,,,
Sunday,4/24/2016,,,,,,,,,,,,
Monday,4/25/2016,,,,,,,,,,,,
Tuesday,4/26/2016,,,,,,,,,,,,
Wednesday,4/27/2016,,,,,,,,,,,,
Thursday,4/28/2016,,,,,,,,,,,,
Friday,4/29/2016,,,,,,,,,,,,
Saturday,4/30/2016,,,,,,,,,,,,
Sunday,5/1/2016,,,,,,,,,,,,
Monday,5/2/2016,,,,,,,,,,,,
Tuesday,5/3/2016,,,,,,,,,,,,
Wednesday,5/4/2016,,,,,,,,,,,,
Thursday,5/5/2016,,,,,,,,,,,,
Friday,5/6/2016,,,,,,,,,,,,
Saturday,5/7/2016,,,,,,,,,,,,
Sunday,5/8/2016,,,,,,,,,,,,
Monday,5/9/2016,,,,,,,,,,,,
Tuesday,5/10/2016,,,,,,,,,,,,
Wednesday,5/11/2016,,,,,,,,,,,,
Thursday,5/12/2016,,,,,,,,,,,,
Friday,5/13/2016,,,,,,,,,,,,
Saturday,5/14/2016,,,,,,,,,,,,
Sunday,5/15/2016,,,,,,,,,,,,
Monday,5/16/2016,,,,,,,,,,,,
Tuesday,5/17/2016,,,,,,,,,,,,
Wednesday,5/18/2016,,,,,,,,,,,,
Thursday,5/19/2016,,,,,,,,,,,,
Friday,5/20/2016,,,,,,,,,,,,
Saturday,5/21/2016,,,,,,,,,,,,
Sunday,5/22/2016,,,,,,,,,,,,
Monday,5/23/2016,,,,,,,,,,,,
Tuesday,5/24/2016,,,,,,,,,,,,
Wednesday,5/25/2016,,,,,,,,,,,,
Thursday,5/26/2016,,,,,,,,,,,,
Friday,5/27/2016,,,,,,,,,,,,
Saturday,5/28/2016,,,,,,,,,,,,
Sunday,5/29/2016,,,,,,,,,,,,
Monday,5/30/2016,,,,,,,,,,,,
Tuesday,5/31/2016,,,,,,,,,,,,
Wednesday,6/1/2016,,,,,,,,,,,,
Thursday,6/2/2016,,,,,,,,,,,,
Friday,6/3/2016,,,,,,,,,,,,
Saturday,6/4/2016,,,,,,,,,,,,
Sunday,6/5/2016,,,,,,,,,,,,
Monday,6/6/2016,,,,,,,,,,,,
Tuesday,6/7/2016,,,,,,,,,,,,
Wednesday,6/8/2016,,,,,,,,,,,,
Thursday,6/9/2016,,,,,,,,,,,,
Friday,6/10/2016,,,,,,,,,,,,
Saturday,6/11/2016,,,,,,,,,,,,
Sunday,6/12/2016,,,,,,,,,,,,
Monday,6/13/2016,,,,,,,,,,,,
Tuesday,6/14/2016,,,,,,,,,,,,
Wednesday,6/15/2016,,,,,,,,,,,,
Thursday,6/16/2016,,,,,,,,,,,,
Friday,6/17/2016,,,,,,,,,,,,
Saturday,6/18/2016,,,,,,,,,,,,
Sunday,6/19/2016,,,,,,,,,,,,
Monday,6/20/2016,,,,,,,,,,,,
Tuesday,6/21/2016,,,,,,,,,,,,
Wednesday,6/22/2016,,,,,,,,,,,,
Thursday,6/23/2016,,,,,,,,,,,,
Friday,6/24/2016,,,,,,,,,,,,
Saturday,6/25/2016,,,,,,,,,,,,
Sunday,6/26/2016,,,,,,,,,,,,
Monday,6/27/2016,,,,,,,,,,,,
Tuesday,6/28/2016,,,,,,,,,,,,
Wednesday,6/29/2016,,,,,,,,,,,,
Thursday,6/30/2016,,,,,,,,,,,,
Friday,7/1/2016,,,,,,,,,,,,
Saturday,7/2/2016,,,,,,,,,,,,
Sunday,7/3/2016,,,,,,,,,,,,
Monday,7/4/2016,,,,,,,,,,,,
Tuesday,7/5/2016,,,,,,,,,,,,
Wednesday,7/6/2016,,,,,,,,,,,,
Thursday,7/7/2016,,,,,,,,,,,,
Friday,7/8/2016,,,,,,,,,,,,
Saturday,7/9/2016,,,,,,,,,,,,
Sunday,7/10/2016,,,,,,,,,,,,
Monday,7/11/2016,,,,,,,,,,,,
Tuesday,7/12/2016,,,,,,,,,,,,
Wednesday,7/13/2016,,,,,,,,,,,,
Thursday,7/14/2016,,,,,,,,,,,,
Friday,7/15/2016,,,,,,,,,,,,
Saturday,7/16/2016,,,,,,,,,,,,
Sunday,7/17/2016,,,,,,,,,,,,
Monday,7/18/2016,,,,,,,,,,,,
Tuesday,7/19/2016,,,,,,,,,,,,
Wednesday,7/20/2016,,,,,,,,,,,,
Thursday,7/21/2016,,,,,,,,,,,,
Friday,7/22/2016,,,,,,,,,,,,
Saturday,7/23/2016,,,,,,,,,,,,
Sunday,7/24/2016,,,,,,,,,,,,
Monday,7/25/2016,,,,,,,,,,,,
Tuesday,7/26/2016,,,,,,,,,,,,
Wednesday,7/27/2016,,,,,,,,,,,,
Thursday,7/28/2016,,,,,,,,,,,,
Friday,7/29/2016,,,,,,,,,,,,
Saturday,7/30/2016,,,,,,,,,,,,
Sunday,7/31/2016,,,,,,,,,,,,
Monday,8/1/2016,,,,,,,,,,,,
Tuesday,8/2/2016,,,,,,,,,,,,
Wednesday,8/3/2016,,,,,,,,,,,,
Thursday,8/4/2016,,,,,,,,,,,,
Friday,8/5/2016,,,,,,,,,,,,
Saturday,8/6/2016,,,,,,,,,,,,
Sunday,8/7/2016,,,,,,,,,,,,
Monday,8/8/2016,,,,,,,,,,,,
Tuesday,8/9/2016,,,,,,,,,,,,
Wednesday,8/10/2016,,,,,,,,,,,,
Thursday,8/11/2016,,,,,,,,,,,,
Friday,8/12/2016,,,,,,,,,,,,
Saturday,8/13/2016,,,,,,,,,,,,
Sunday,8/14/2016,,,,,,,,,,,,
Monday,8/15/2016,,,,,,,,,,,,
Tuesday,8/16/2016,,,,,,,,,,,,
Wednesday,8/17/2016,,,,,,,,,,,,
Thursday,8/18/2016,,,,,,,,,,,,
Friday,8/19/2016,,,,,,,,,,,,
Saturday,8/20/2016,,,,,,,,,,,,
Sunday,8/21/2016,,,,,,,,,,,,
Monday,8/22/2016,,,,,,,,,,,,
Tuesday,8/23/2016,,,,,,,,,,,,
Wednesday,8/24/2016,,,,,,,,,,,,
Thursday,8/25/2016,,,,,,,,,,,,
Friday,8/26/2016,,,,,,,,,,,,
Saturday,8/27/2016,,,,,,,,,,,,
Sunday,8/28/2016,,,,,,,,,,,,
Monday,8/29/2016,,,,,,,,,,,,
Tuesday,8/30/2016,,,,,,,,,,,,
Wednesday,8/31/2016,,,,,,,,,,,,
Thursday,9/1/2016,,,,,,,,,,,,
Friday,9/2/2016,,,,,,,,,,,,
Saturday,9/3/2016,,,,,,,,,,,,
Sunday,9/4/2016,,,,,,,,,,,,
Monday,9/5/2016,,,,,,,,,,,,
Tuesday,9/6/2016,,,,,,,,,,,,
Wednesday,9/7/2016,,,,,,,,,,,,
Thursday,9/8/2016,,,,,,,,,,,,
Friday,9/9/2016,,,,,,,,,,,,
Saturday,9/10/2016,,,,,,,,,,,,
Sunday,9/11/2016,,,,,,,,,,,,
Monday,9/12/2016,,,,,,,,,,,,
Tuesday,9/13/2016,,,,,,,,,,,,
Wednesday,9/14/2016,,,,,,,,,,,,
Thursday,9/15/2016,,,,,,,,,,,,
Friday,9/16/2016,,,,,,,,,,,,
Saturday,9/17/2016,,,,,,,,,,,,
Sunday,9/18/2016,,,,,,,,,,,,
Monday,9/19/2016,,,,,,,,,,,,
Tuesday,9/20/2016,,,,,,,,,,,,
Wednesday,9/21/2016,,,,,,,,,,,,
Thursday,9/22/2016,,,,,,,,,,,,
Friday,9/23/2016,,,,,,,,,,,,
Saturday,9/24/2016,,,,,,,,,,,,
Sunday,9/25/2016,,,,,,,,,,,,
Monday,9/26/2016,,,,,,,,,,,,
Tuesday,9/27/2016,,,,,,,,,,,,
Wednesday,9/28/2016,,,,,,,,,,,,
Thursday,9/29/2016,,4:39 PM,,,,Mt. Pleasant Trail,Brooks Ghost 8,2,0:17:33,8:47,"7:30,10:04",
Friday,9/30/2016,,,,,,,,,,,,
Saturday,10/1/2016,,,,,,,,,,,,
Sunday,10/2/2016,,,,,,,,,,,,
Monday,10/3/2016,,4:55 PM,,,,Mt. Pleasant Trail,Brooks Ghost 8,2,0:16:53,8:26,"7:39,9:10",
Tuesday,10/4/2016,,,,,,,,,,,,
Wednesday,10/5/2016,,,,,,,,,,,,
Thursday,10/6/2016,,,,,,,,,,,,
Friday,10/7/2016,,,,,,,,,,,,
Saturday,10/8/2016,,,,,,,,,,,,
Sunday,10/9/2016,,,,,,,,,,,,
Monday,10/10/2016,,,,,,,,,,,,
Tuesday,10/11/2016,,,,,,,,,,,,
Wednesday,10/12/2016,,,,,,,,,,,,
Thursday,10/13/2016,,,,,,,,,,,,
Friday,10/14/2016,,,,,,,,,,,,
Saturday,10/15/2016,,,,,,,,,,,,
Sunday,10/16/2016,,,,,,,,,,,,
Monday,10/17/2016,,4:07 PM,,,,Mt. Pleasant Trail,Brooks Ghost 8,2,0:15:14,7:36,"7:11,8:00",
Tuesday,10/18/2016,,3:44 PM,,,,Mt. Pleasant Trail,Brooks Ghost 8,2,0:15:30,7:44,"7:08,8:10",
Wednesday,10/19/2016,,,,,,,,,,,,
Thursday,10/20/2016,,,,,,,,,,,,
Friday,10/21/2016,,,,,,,,,,,,
Saturday,10/22/2016,,,,,,,,,,,,
Sunday,10/23/2016,,,,,,,,,,,,
Monday,10/24/2016,,3:31 PM,,,,Mt. Pleasant Trail,Brooks Ghost 8,2.04,0:15:37,7:39,"6:46,8:24",
Tuesday,10/25/2016,,,,,,,,,,,,
Wednesday,10/26/2016,,,,,,,,,,,,
Thursday,10/27/2016,,5:05 PM,,,,Mt. Pleasant Trail,Brooks Ghost 8,2,0:20:19,10:09,"7:51,12:22",I remember taking Bonnie out on one of these runs. I'm guessing it was this one?
Friday,10/28/2016,,,,,,,,,,,,
Saturday,10/29/2016,,,,,,,,,,,,
Sunday,10/30/2016,,,,,,,,,,,,
Monday,10/31/2016,,,,,,,,,,,,
Tuesday,11/1/2016,,,,,,,,,,,,
Wednesday,11/2/2016,,,,,,,,,,,,
Thursday,11/3/2016,,,,,,,,,,,,
Friday,11/4/2016,,,,,,,,,,,,
Saturday,11/5/2016,,,,,,,,,,,,
Sunday,11/6/2016,,,,,,,,,,,,
Monday,11/7/2016,,,,,,,,,,,,
Tuesday,11/8/2016,,,,,,,,,,,,
Wednesday,11/9/2016,,,,,,,,,,,,
Thursday,11/10/2016,,,,,,,,,,,,
Friday,11/11/2016,,,,,,,,,,,,
Saturday,11/12/2016,,,,,,,,,,,,
Sunday,11/13/2016,,,,,,,,,,,,
Monday,11/14/2016,,,,,,,,,,,,
Tuesday,11/15/2016,,,,,,,,,,,,
Wednesday,11/16/2016,,,,,,,,,,,,
Thursday,11/17/2016,,,,,,,,,,,,
Friday,11/18/2016,,,,,,,,,,,,
Saturday,11/19/2016,,,,,,,,,,,,
Sunday,11/20/2016,,,,,,,,,,,,
Monday,11/21/2016,,,,,,,,,,,,
Tuesday,11/22/2016,,,,,,,,,,,,
Wednesday,11/23/2016,,,,,,,,,,,,
Thursday,11/24/2016,,,,,,,,,,,,
Friday,11/25/2016,,,,,,,,,,,,
Saturday,11/26/2016,,11:14 AM,,,,Carolina North Forest,Brooks Ghost 8,3.06,0:56:52,18:35,"17:17,17:47,20:37",Was I walking?
Sunday,11/27/2016,,,,,,,,,,,,
Monday,11/28/2016,,,,,,,,,,,,
Tuesday,11/29/2016,,,,,,,,,,,,
Wednesday,11/30/2016,,,,,,,,,,,,
Thursday,12/1/2016,,,,,,,,,,,,
Friday,12/2/2016,,,,,,,,,,,,
Saturday,12/3/2016,,,,,,,,,,,,
Sunday,12/4/2016,,,,,,,,,,,,
Monday,12/5/2016,,,,,,,,,,,,
Tuesday,12/6/2016,,,,,,,,,,,,
Wednesday,12/7/2016,,,,,,,,,,,,
Thursday,12/8/2016,,,,,,,,,,,,
Friday,12/9/2016,,9:32 AM,,,,Cauble Rd.,Brooks Ghost 8,1.03,0:07:30,7:17,7:10,
Saturday,12/10/2016,,,,,,,,,,,,
Sunday,12/11/2016,,,,,,,,,,,,
Monday,12/12/2016,,,,,,,,,,,,
Tuesday,12/13/2016,,,,,,,,,,,,
Wednesday,12/14/2016,,,,,,,,,,,,
Thursday,12/15/2016,,,,,,,,,,,,
Friday,12/16/2016,,,,,,,,,,,,
Saturday,12/17/2016,,,,,,,,,,,,
Sunday,12/18/2016,,,,,,,,,,,,
Monday,12/19/2016,,,,,,,,,,,,
Tuesday,12/20/2016,,,,,,,,,,,,
Wednesday,12/21/2016,,,,,,,,,,,,
Thursday,12/22/2016,,,,,,,,,,,,
Friday,12/23/2016,,,,,,,,,,,,
Saturday,12/24/2016,,,,,,,,,,,,
Sunday,12/25/2016,,,,,,,,,,,,
Monday,12/26/2016,,,,,,,,,,,,
Tuesday,12/27/2016,,,,,,,,,,,,
Wednesday,12/28/2016,,,,,,,,,,,,
Thursday,12/29/2016,,,,,,,,,,,,
Friday,12/30/2016,,,,,,,,,,,,
Saturday,12/31/2016,,,,,,,,,,,,
Sunday,1/1/2017,,,,,,,,,,,,
Monday,1/2/2017,,,,,,,,,,,,
Tuesday,1/3/2017,,10:28 AM,,,,Cauble Rd,Brooks Ghost 8,1.01,0:07:24,7:18,7:20,
Wednesday,1/4/2017,,9:31 AM,,,,Cauble Rd,Brooks Ghost 8,1.02,0:07:11,7:02,6:59,
Thursday,1/5/2017,,,,,,,,,,,,
Friday,1/6/2017,,10:56 AM,,,,"Cauble Rd, Bowman Barrier",Brooks Ghost 8,1.92,0:14:59,7:49,6:46,
Saturday,1/7/2017,,,,,,,,,,,,
Sunday,1/8/2017,,,,,,,,,,,,
Monday,1/9/2017,,,,,,,,,,,,
Tuesday,1/10/2017,,,,,,,,,,,,
Wednesday,1/11/2017,,,,,,,,,,,,
Thursday,1/12/2017,,,,,,,,,,,,
Friday,1/13/2017,,,,,,,,,,,,
Saturday,1/14/2017,,,,,,,,,,,,
Sunday,1/15/2017,,,,,,,,,,,,
Monday,1/16/2017,,,,,,,,,,,,
Tuesday,1/17/2017,,,,,,,,,,,,
Wednesday,1/18/2017,,11:57 AM,,,,"Cauble Rd, Bowman Barrier",Brooks Ghost 8,1.66,0:13:07,7:55,7:03,
Thursday,1/19/2017,,,,,,,,,,,,
Friday,1/20/2017,,,,,,,,,,,,
Saturday,1/21/2017,,,,,,,,,,,,
Sunday,1/22/2017,,,,,,,,,,,,
Monday,1/23/2017,,3:08 PM,,,,"Cauble Rd, Bowman Barrier",Brooks Ghost 8,1.85,0:12:15,6:37,"4:52,8:35",This is a fluke. I did not run a 4:52 mile. 
Tuesday,1/24/2017,,,,,,,,,,,,
Wednesday,1/25/2017,,,,,,,,,,,,
Thursday,1/26/2017,,5:30 PM,,,,Cauble Rd,Brooks Ghost 8,1,0:06:52,6:50,6:49,
Friday,1/27/2017,,,,,,,,,,,,
Saturday,1/28/2017,,,,,,,,,,,,
Sunday,1/29/2017,,,,,,,,,,,,
Monday,1/30/2017,,12:34 PM,,,,"Cauble Rd, Bowman Barrier",Brooks Ghost 8,1.95,0:16:17,8:22,"6:51,9:45",
Tuesday,1/31/2017,,,,,,,,,,,,
Wednesday,2/1/2017,,,,,,,,,,,,
Thursday,2/2/2017,,,,,,,,,,,,
Friday,2/3/2017,,,,,,,,,,,,
Saturday,2/4/2017,,,,,,,,,,,,
Sunday,2/5/2017,,,,,,,,,,,,
Monday,2/6/2017,,1:52 PM,,,,Cauble Rd,Brooks Ghost 8,1.16,0:07:59,6:54,"6:47,7:25",
Tuesday,2/7/2017,,,,,,,,,,,,
Wednesday,2/8/2017,,,,,,,,,,,,
Thursday,2/9/2017,,,,,,,,,,,,
Friday,2/10/2017,,,,,,,,,,,,
Saturday,2/11/2017,,,,,,,,,,,,
Sunday,2/12/2017,,,,,,,,,,,,
Monday,2/13/2017,,,,,,,,,,,,
Tuesday,2/14/2017,,,,,,,,,,,,
Wednesday,2/15/2017,,,,,,,,,,,,
Thursday,2/16/2017,,,,,,,,,,,,
Friday,2/17/2017,,,,,,,,,,,,
Saturday,2/18/2017,,,,,,,,,,,,
Sunday,2/19/2017,,,,,,,,,,,,
Monday,2/20/2017,,10:26 AM,,,,"Cauble Rd, Bowman Barrier",Brooks Ghost 8,1.84,0:13:53,7:32,"6:41,8:29",
Tuesday,2/21/2017,,,,,,,,,,,,
Wednesday,2/22/2017,,,,,,,,,,,,
Thursday,2/23/2017,,,,,,,,,,,,
Friday,2/24/2017,,,,,,,,,,,,
Saturday,2/25/2017,,,,,,,,,,,,
Sunday,2/26/2017,,,,,,,,,,,,
Monday,2/27/2017,,,,,,,,,,,,
Tuesday,2/28/2017,,,,,,,,,,,,
Wednesday,3/1/2017,,,,,,,,,,,,
Thursday,3/2/2017,,,,,,,,,,,,
Friday,3/3/2017,,,,,,,,,,,,
Saturday,3/4/2017,,,,,,,,,,,,
Sunday,3/5/2017,,,,,,,,,,,,
Monday,3/6/2017,,,,,,,,,,,,
Tuesday,3/7/2017,,,,,,,,,,,,
Wednesday,3/8/2017,,,,,,,,,,,,
Thursday,3/9/2017,,,,,,,,,,,,
Friday,3/10/2017,,,,,,,,,,,,
Saturday,3/11/2017,,,,,,,,,,,,
Sunday,3/12/2017,,,,,,,,,,,,
Monday,3/13/2017,,,,,,,,,,,,
Tuesday,3/14/2017,,,,,,,,,,,,
Wednesday,3/15/2017,,,,,,,,,,,,
Thursday,3/16/2017,,,,,,,,,,,,
Friday,3/17/2017,,,,,,,,,,,,
Saturday,3/18/2017,,,,,,,,,,,,
Sunday,3/19/2017,,,,,,,,,,,,
Monday,3/20/2017,,,,,,,,,,,,
Tuesday,3/21/2017,,,,,,,,,,,,
Wednesday,3/22/2017,,,,,,,,,,,,
Thursday,3/23/2017,,,,,,,,,,,,
Friday,3/24/2017,,,,,,,,,,,,
Saturday,3/25/2017,,,,,,,,,,,,
Sunday,3/26/2017,,,,,,,,,,,,
Monday,3/27/2017,,,,,,,,,,,,
Tuesday,3/28/2017,,,,,,,,,,,,
Wednesday,3/29/2017,,,,,,,,,,,,
Thursday,3/30/2017,,,,,,,,,,,,
Friday,3/31/2017,,,,,,,,,,,,
Saturday,4/1/2017,,,,,,,,,,,,
Sunday,4/2/2017,,,,,,,,,,,,
Monday,4/3/2017,,,,,,,,,,,,
Tuesday,4/4/2017,,2:35 PM,,,,"Cauble Rd, Bowman Barrier",Brooks Ghost 8,1.84,0:17:21,9:26,"7:07,12:08",
Wednesday,4/5/2017,,,,,,,,,,,,
Thursday,4/6/2017,,,,,,,,,,,,
Friday,4/7/2017,,,,,,,,,,,,
Saturday,4/8/2017,,,,,,,,,,,,
Sunday,4/9/2017,,,,,,,,,,,,
Monday,4/10/2017,,,,,,,,,,,,
Tuesday,4/11/2017,,10:08 AM,,,,"Cauble Rd, Bowman Barrier",Brooks Ghost 8,1.85,0:15:28,8:22,"6:52,10:05",
Wednesday,4/12/2017,,,,,,,,,,,,
Thursday,4/13/2017,,5:35 PM,,,,"Cauble Rd, Bowman Barrier",Brooks Ghost 8,1.76,0:13:55,7:53,"6:45,9:22",
Friday,4/14/2017,,,,,,,,,,,,
Saturday,4/15/2017,,8:16 AM,,,,"Jay St, Rosemary",Brooks Ghost 8,1.82,0:15:53,8:43,8:39,
Sunday,4/16/2017,,,,,,,,,,,,
Monday,4/17/2017,,,,,,,,,,,,
Tuesday,4/18/2017,,2:48 PM,,,,"Cauble Rd, Bowman Barrier",Brooks Ghost 8,1.92,0:14:26,7:32,"6:31,8:31",
Wednesday,4/19/2017,,,,,,,,,,,,
Thursday,4/20/2017,,5:16 PM,,,,"Cauble Rd, Bowman Barrier",Brooks Ghost 8,1.11,0:13:23,12:04,"12:32,7:53",Splits seem off?
Friday,4/21/2017,,,,,,,,,,,,
Saturday,4/22/2017,,11:51 AM,,,,"Cauble Rd, Bowman Barrier",Brooks Ghost 8,1.95,0:14:47,7:35,"6:35,8:38",
Sunday,4/23/2017,,,,,,,,,,,,
Monday,4/24/2017,,,,,,,,,,,,
Tuesday,4/25/2017,,,,,,,,,,,,
Wednesday,4/26/2017,,9:20 AM,,,,"Cauble Rd, Bowman Barrier",Brooks Ghost 8,1.94,0:14:01,7:12,"6:47,7:39",
Thursday,4/27/2017,,,,,,,,,,,,
Friday,4/28/2017,,8:49 AM,,,,"Cauble Rd, Bowman Barrier",Brooks Ghost 8,2.01,0:14:40,7:17,"6:43,7:49",
Saturday,4/29/2017,,,,,,,,,,,,
Sunday,4/30/2017,,7:17 PM,,,,"Cauble Rd, Bowman Barrier",Brooks Ghost 8,2.07,0:15:13,7:20,"6:36,8:00",
Monday,5/1/2017,,,,,,,,,,,,
Tuesday,5/2/2017,,5:39 PM,,,,"Cauble Rd, Bowman Barrier",Brooks Ghost 8,1.94,0:13:39,7:01,"6:35,7:25",
Wednesday,5/3/2017,,,,,,,,,,,,
Thursday,5/4/2017,,,,,,,,,,,,
Friday,5/5/2017,,,,,,,,,,,,
Saturday,5/6/2017,,,,,,,,,,,,
Sunday,5/7/2017,,,,,,,,,,,,
Monday,5/8/2017,,5:10 PM,,,,"Cauble Rd, Bowman Barrier",Brooks Ghost 8,1.97,0:14:09,7:11,"6:31,7:48",
Tuesday,5/9/2017,,,,,,,,,,,,
Wednesday,5/10/2017,,4:51 PM,,,,"Cauble Rd, Bowman Barrier",Brooks Ghost 8,1.96,0:13:50,7:03,"6:21,7:48",
Thursday,5/11/2017,,,,,,,,,,,,
Friday,5/12/2017,,,,,,,,,,,,
Saturday,5/13/2017,,,,,,,,,,,,
Sunday,5/14/2017,,,,,,,,,,,,
Monday,5/15/2017,,,,,,,,,,,,
Tuesday,5/16/2017,,,,,,,,,,,,
Wednesday,5/17/2017,,,,,,,,,,,,
Thursday,5/18/2017,,,,,,,,,,,,
Friday,5/19/2017,,,,,,,,,,,,
Saturday,5/20/2017,,,,,,,,,,,,
Sunday,5/21/2017,,,,,,,,,,,,
Monday,5/22/2017,,,,,,,,,,,,
Tuesday,5/23/2017,,,,,,,,,,,,
Wednesday,5/24/2017,,,,,,,,,,,,
Thursday,5/25/2017,,,,,,,,,,,,
Friday,5/26/2017,,,,,,,,,,,,
Saturday,5/27/2017,,,,,,,,,,,,
Sunday,5/28/2017,,,,,,,,,,,,
Monday,5/29/2017,,,,,,,,,,,,
Tuesday,5/30/2017,,,,,,,,,,,,
Wednesday,5/31/2017,,,,,,,,,,,,
Thursday,6/1/2017,,,,,,,,,,,,
Friday,6/2/2017,,,,,,,,,,,,
Saturday,6/3/2017,,,,,,,,,,,,
Sunday,6/4/2017,,,,,,,,,,,,
Monday,6/5/2017,,,,,,,,,,,,
Tuesday,6/6/2017,,,,,,,,,,,,
Wednesday,6/7/2017,,,,,,,,,,,,
Thursday,6/8/2017,,,,,,,,,,,,
Friday,6/9/2017,,,,,,,,,,,,
Saturday,6/10/2017,,,,,,,,,,,,
Sunday,6/11/2017,,,,,,,,,,,,
Monday,6/12/2017,,,,,,,,,,,,
Tuesday,6/13/2017,,,,,,,,,,,,
Wednesday,6/14/2017,,,,,,,,,,,,
Thursday,6/15/2017,,,,,,,,,,,,
Friday,6/16/2017,,,,,,,,,,,,
Saturday,6/17/2017,,,,,,,,,,,,
Sunday,6/18/2017,,,,,,,,,,,,
Monday,6/19/2017,,,,,,,,,,,,
Tuesday,6/20/2017,,,,,,,,,,,,
Wednesday,6/21/2017,,,,,,,,,,,,
Thursday,6/22/2017,,,,,,,,,,,,
Friday,6/23/2017,,,,,,,,,,,,
Saturday,6/24/2017,,,,,,,,,,,,
Sunday,6/25/2017,,,,,,,,,,,,
Monday,6/26/2017,,,,,,,,,,,,
Tuesday,6/27/2017,,,,,,,,,,,,
Wednesday,6/28/2017,,,,,,,,,,,,
Thursday,6/29/2017,,,,,,,,,,,,
Friday,6/30/2017,,,,,,,,,,,,
Saturday,7/1/2017,,8:12 AM,,,,Franklin Woods to Trader Joe's,Brooks Ghost 8,1,0:10:38,10:38,9:04,
Sunday,7/2/2017,,,,,,,,,,,,
Monday,7/3/2017,,5:44 PM,,,,Franklin Woods to Trader Joe's,Brooks Ghost 8,0.61,0:04:54,8:05,,Not sure what happened here. Either I forgot to hit start or I walked home. Same with July 1
Tuesday,7/4/2017,,,,,,,,,,,,
Wednesday,7/5/2017,,5:54 PM,,,,Franklin Woods to Trader Joe's,Brooks Ghost 8,1.91,0:15:08,7:55,"7:14,8:42",
Thursday,7/6/2017,,,,,,,,,,,,
Friday,7/7/2017,,,,,,,,,,,,
Saturday,7/8/2017,,,,,,,,,,,,
Sunday,7/9/2017,,,,,,,,,,,,
Monday,7/10/2017,,,,,,,,,,,,
Tuesday,7/11/2017,,,,,,,,,,,,
Wednesday,7/12/2017,,,,,,,,,,,,
Thursday,7/13/2017,,,,,,,,,,,,
Friday,7/14/2017,,,,,,,,,,,,
Saturday,7/15/2017,,,,,,,,,,,,
Sunday,7/16/2017,,,,,,,,,,,,
Monday,7/17/2017,,,,,,,,,,,,
Tuesday,7/18/2017,,,,,,,,,,,,
Wednesday,7/19/2017,,,,,,,,,,,,
Thursday,7/20/2017,,,,,,,,,,,,
Friday,7/21/2017,,,,,,,,,,,,
Saturday,7/22/2017,,,,,,,,,,,,
Sunday,7/23/2017,,,,,,,,,,,,
Monday,7/24/2017,,5:54 PM,,,,Franklin Woods to Trader Joe's,Brooks Ghost 8,1.21,0:09:14,7:37,"7:20,8:59",
Tuesday,7/25/2017,,,,,,,,,,,,
Wednesday,7/26/2017,,5:43 PM,,,,Franklin Woods to Trader Joe's,Brooks Ghost 8,1.22,0:09:20,7:39,"6:56,10:45",
Thursday,7/27/2017,,,,,,,,,,,,
Friday,7/28/2017,,,,,,,,,,,,
Saturday,7/29/2017,,,,,,,,,,,,
Sunday,7/30/2017,,,,,,,,,,,,
Monday,7/31/2017,,,,,,,,,,,,
Tuesday,8/1/2017,,5:17 PM,,,,Franklin Woods to Trader Joe's,Brooks Revel 1,1.18,0:09:28,8:00,"7:53,8:24",
Wednesday,8/2/2017,,5:28 PM,,,,Franklin Woods to Trader Joe's,Brooks Revel 1,1.18,0:08:57,7:34,"7:05,10:06",
Thursday,8/3/2017,,,,,,,,,,,,
Friday,8/4/2017,,,,,,,,,,,,
Saturday,8/5/2017,,,,,,,,,,,,
Sunday,8/6/2017,,,,,,,,,,,,
Monday,8/7/2017,,,,,,,,,,,,
Tuesday,8/8/2017,,,,,,,,,,,,
Wednesday,8/9/2017,,,,,,,,,,,,
Thursday,8/10/2017,,,,,,,,,,,,
Friday,8/11/2017,,,,,,,,,,,,
Saturday,8/12/2017,,,,,,,,,,,,
Sunday,8/13/2017,,6:59 PM,,,,Franklin Woods to Planet Fitness,Brooks Revel 1,0.69,0:05:00,7:14,7:11,
Monday,8/14/2017,,,,,,,,,,,,
Tuesday,8/15/2017,,,,,,,,,,,,
Wednesday,8/16/2017,,,,,,,,,,,,
Thursday,8/17/2017,,,,,,,,,,,,
Friday,8/18/2017,,,,,,,,,,,,
Saturday,8/19/2017,,,,,,,,,,,,
Sunday,8/20/2017,,,,,,,,,,,,
Monday,8/21/2017,,,,,,,,,,,,
Tuesday,8/22/2017,,,,,,,,,,,,
Wednesday,8/23/2017,,,,,,,,,,,,
Thursday,8/24/2017,,,,,,,,,,,,
Friday,8/25/2017,,,,,,,,,,,,
Saturday,8/26/2017,,,,,,,,,,,,
Sunday,8/27/2017,,,,,,,,,,,,
Monday,8/28/2017,,,,,,,,,,,,
Tuesday,8/29/2017,,,,,,,,,,,,
Wednesday,8/30/2017,,,,,,,,,,,,
Thursday,8/31/2017,,,,,,,,,,,,
Friday,9/1/2017,,,,,,,,,,,,
Saturday,9/2/2017,,,,,,,,,,,,
Sunday,9/3/2017,,,,,,,,,,,,
Monday,9/4/2017,,,,,,,,,,,,
Tuesday,9/5/2017,,,,,,,,,,,,
Wednesday,9/6/2017,,,,,,,,,,,,
Thursday,9/7/2017,,,,,,,,,,,,
Friday,9/8/2017,,,,,,,,,,,,
Saturday,9/9/2017,,,,,,,,,,,,
Sunday,9/10/2017,,,,,,,,,,,,
Monday,9/11/2017,,,,,,,,,,,,
Tuesday,9/12/2017,,,,,,,,,,,,
Wednesday,9/13/2017,,,,,,,,,,,,
Thursday,9/14/2017,,,,,,,,,,,,
Friday,9/15/2017,,,,,,,,,,,,
Saturday,9/16/2017,,,,,,,,,,,,
Sunday,9/17/2017,,,,,,,,,,,,
Monday,9/18/2017,,,,,,,,,,,,
Tuesday,9/19/2017,,,,,,,,,,,,
Wednesday,9/20/2017,,,,,,,,,,,,
Thursday,9/21/2017,,,,,,,,,,,,
Friday,9/22/2017,,,,,,,,,,,,
Saturday,9/23/2017,,,,,,,,,,,,
Sunday,9/24/2017,,,,,,,,,,,,
Monday,9/25/2017,,,,,,,,,,,,
Tuesday,9/26/2017,,,,,,,,,,,,
Wednesday,9/27/2017,,,,,,,,,,,,
Thursday,9/28/2017,,,,,,,,,,,,
Friday,9/29/2017,,,,,,,,,,,,
Saturday,9/30/2017,,,,,,,,,,,,
Sunday,10/1/2017,,1:53 PM,,,,Carolina North Forest,Brooks Revel 1,1.93,0:14:08,7:20,"6:55,7:42",
Monday,10/2/2017,,,,,,,,,,,,
Tuesday,10/3/2017,,,,,,,,,,,,
Wednesday,10/4/2017,,,,,,,,,,,,
Thursday,10/5/2017,,,,,,,,,,,,
Friday,10/6/2017,,,,,,,,,,,,
Saturday,10/7/2017,,,,,,,,,,,,
Sunday,10/8/2017,,,,,,,,,,,,
Monday,10/9/2017,,,,,,,,,,,,
Tuesday,10/10/2017,,,,,,,,,,,,
Wednesday,10/11/2017,,,,,,,,,,,,
Thursday,10/12/2017,,,,,,,,,,,,
Friday,10/13/2017,,,,,,,,,,,,
Saturday,10/14/2017,,,,,,,,,,,,
Sunday,10/15/2017,,,,,,,,,,,,
Monday,10/16/2017,,,,,,,,,,,,
Tuesday,10/17/2017,,,,,,,,,,,,
Wednesday,10/18/2017,,,,,,,,,,,,
Thursday,10/19/2017,,,,,,,,,,,,
Friday,10/20/2017,,,,,,,,,,,,
Saturday,10/21/2017,,,,,,,,,,,,
Sunday,10/22/2017,,,,,,,,,,,,
Monday,10/23/2017,,,,,,,,,,,,
Tuesday,10/24/2017,,,,,,,,,,,,
Wednesday,10/25/2017,,,,,,,,,,,,
Thursday,10/26/2017,,,,,,,,,,,,
Friday,10/27/2017,,,,,,,,,,,,
Saturday,10/28/2017,,,,,,,,,,,,
Sunday,10/29/2017,,,,,,,,,,,,
Monday,10/30/2017,,,,,,,,,,,,
Tuesday,10/31/2017,,,,,,,,,,,,
Wednesday,11/1/2017,,,,,,,,,,,,
Thursday,11/2/2017,,,,,,,,,,,,
Friday,11/3/2017,,,,,,,,,,,,
Saturday,11/4/2017,,,,,,,,,,,,
Sunday,11/5/2017,,,,,,,,,,,,
Monday,11/6/2017,,,,,,,,,,,,
Tuesday,11/7/2017,,,,,,,,,,,,
Wednesday,11/8/2017,,,,,,,,,,,,
Thursday,11/9/2017,,,,,,,,,,,,
Friday,11/10/2017,,,,,,,,,,,,
Saturday,11/11/2017,,,,,,,,,,,,
Sunday,11/12/2017,,,,,,,,,,,,
Monday,11/13/2017,,,,,,,,,,,,
Tuesday,11/14/2017,,,,,,,,,,,,
Wednesday,11/15/2017,,,,,,,,,,,,
Thursday,11/16/2017,,,,,,,,,,,,
Friday,11/17/2017,,,,,,,,,,,,
Saturday,11/18/2017,,,,,,,,,,,,
Sunday,11/19/2017,,,,,,,,,,,,
Monday,11/20/2017,,,,,,,,,,,,
Tuesday,11/21/2017,,,,,,,,,,,,
Wednesday,11/22/2017,,,,,,,,,,,,
Thursday,11/23/2017,,,,,,,,,,,,
Friday,11/24/2017,,,,,,,,,,,,
Saturday,11/25/2017,,,,,,,,,,,,
Sunday,11/26/2017,,,,,,,,,,,,
Monday,11/27/2017,,,,,,,,,,,,
Tuesday,11/28/2017,,10:45 AM,,,,Franklin Woods to Bolin Creek,Brooks Revel 1,3.01,0:23:41,7:52,"7:50,8:13,7:35",
Wednesday,11/29/2017,,4:20 PM,,,,Franklin Woods to Bolin Creek,Brooks Revel 1,3.06,0:22:58,7:30,"7:17,8:16,7:01",
Thursday,11/30/2017,,,,,,,,,,,,
Friday,12/1/2017,,,,,,,,,,,,
Saturday,12/2/2017,,,,,,,,,,,,
Sunday,12/3/2017,,,,,,,,,,,,
Monday,12/4/2017,,,,,,,,,,,,
Tuesday,12/5/2017,,1:33 PM,,,,Franklin Woods to Bolin Creek,Brooks Revel 1,3.12,0:24:19,7:47,"8:39,7:34,7:20",
Wednesday,12/6/2017,,,,,,,,,,,,
Thursday,12/7/2017,,2:48 PM,,,,"Franklin Woods, Bolin Creek, Estes",Brooks Revel 1,3.44,0:17:15,5:00,"0:02,6:18,7:45","Looks like something went wrong with this run, too. I'm guessing this was my 4 mile loop."
Friday,12/8/2017,,,,,,,,,,,,
Saturday,12/9/2017,,,,,,,,,,,,
Sunday,12/10/2017,,,,,,,,,,,,
Monday,12/11/2017,,4:55 PM,,,,"Franklin Woods, Bolin Creek, Estes",Brooks Revel 1,4,0:33:54,8:28,"10:21,7:50,7:36,8:06",
Tuesday,12/12/2017,,,,,,,,,,,,
Wednesday,12/13/2017,,3:41 PM,,,,"Franklin Woods, Bolin Creek, Estes",Brooks Revel 1,4,0:31:45,7:56,"7:55,8:22,7:39,7:48",
Thursday,12/14/2017,,,,,,,,,,,,
Friday,12/15/2017,,1:37 PM,,,,"Franklin Woods, Bolin Creek, Estes",Brooks Revel 1,4,0:29:54,7:28,"6:39,7:57,7:39,7:35",
Saturday,12/16/2017,,,,,,,,,,,,
Sunday,12/17/2017,,,,,,,,,,,,
Monday,12/18/2017,,,,,,,,,,,,
Tuesday,12/19/2017,,2:05 PM,,,,"Franklin Woods, Bolin Creek, Estes",Brooks Revel 1,3.65,0:27:53,7:38,"6:04,8:17,7:49,8:47",
Wednesday,12/20/2017,,,,,,,,,,,,
Thursday,12/21/2017,,,,,,,,,,,,
Friday,12/22/2017,,,,,,,,,,,,
Saturday,12/23/2017,,,,,,,,,,,,
Sunday,12/24/2017,,,,,,,,,,,,
Monday,12/25/2017,,,,,,,,,,,,
Tuesday,12/26/2017,,,,,,,,,,,,
Wednesday,12/27/2017,,,,,,,,,,,,
Thursday,12/28/2017,,,,,,,,,,,,
Friday,12/29/2017,,,,,,,,,,,,
Saturday,12/30/2017,,3:04 PM,,,,"Franklin Woods, Bolin Creek, Estes",Brooks Revel 1,3.85,0:31:27,8:09,"7:49,7:58,8:02,8:52",
Sunday,12/31/2017,,,,,,,,,,,,
Monday,1/1/2018,,,,,,,,,,,,
Tuesday,1/2/2018,,,,,,,,,,,,
Wednesday,1/3/2018,,,,,,,,,,,,
Thursday,1/4/2018,,,,,,,,,,,,
Friday,1/5/2018,,,,,,,,,,,,
Saturday,1/6/2018,,,,,,,,,,,,
Sunday,1/7/2018,,,,,,,,,,,,
Monday,1/8/2018,,,,,,,,,,,,
Tuesday,1/9/2018,,,,,,,,,,,,
Wednesday,1/10/2018,,,,,,,,,,,,
Thursday,1/11/2018,,,,,,,,,,,,
Friday,1/12/2018,,2:49 PM,,,,"Franklin Woods, Bolin Creek, Estes",Brooks Revel 1,3.8,0:31:05,8:10,"7:35,8:36,8:27,8:00",
Saturday,1/13/2018,,,,,,,,,,,,
Sunday,1/14/2018,,,,,,,,,,,,
Monday,1/15/2018,,,,,,,,,,,,
Tuesday,1/16/2018,,,,,,,,,,,,
Wednesday,1/17/2018,,,,,,,,,,,,
Thursday,1/18/2018,,,,,,,,,,,,
Friday,1/19/2018,,,,,,,,,,,,
Saturday,1/20/2018,,,,,,,,,,,,
Sunday,1/21/2018,,12:25 PM,,,,"Franklin Woods, Estes, Bolin Creek",Brooks Revel 1,3.54,0:29:16,8:16,"7:47,8:52,8:28,7:40",
Monday,1/22/2018,,,,,,,,,,,,
Tuesday,1/23/2018,,,,,,,,,,,,
Wednesday,1/24/2018,,,,,,,,,,,,
Thursday,1/25/2018,,,,,,,,,,,,
Friday,1/26/2018,,,,,,,,,,,,
Saturday,1/27/2018,,,,,,,,,,,,
Sunday,1/28/2018,,,,,,,,,,,,
Monday,1/29/2018,,,,,,,,,,,,
Tuesday,1/30/2018,,,,,,,,,,,,
Wednesday,1/31/2018,,,,,,,,,,,,
Thursday,2/1/2018,,,,,,,,,,,,
Friday,2/2/2018,,,,,,,,,,,,
Saturday,2/3/2018,,,,,,,,,,,,
Sunday,2/4/2018,,,,,,,,,,,,
Monday,2/5/2018,,,,,,,,,,,,
Tuesday,2/6/2018,,,,,,,,,,,,
Wednesday,2/7/2018,,,,,,,,,,,,
Thursday,2/8/2018,,,,,,,,,,,,
Friday,2/9/2018,,,,,,,,,,,,
Saturday,2/10/2018,,,,,,,,,,,,
Sunday,2/11/2018,,,,,,,,,,,,
Monday,2/12/2018,,,,,,,,,,,,
Tuesday,2/13/2018,,,,,,,,,,,,
Wednesday,2/14/2018,,,,,,,,,,,,
Thursday,2/15/2018,,,,,,,,,,,,
Friday,2/16/2018,,,,,,,,,,,,
Saturday,2/17/2018,,,,,,,,,,,,
Sunday,2/18/2018,,,,,,,,,,,,
Monday,2/19/2018,,,,,,,,,,,,
Tuesday,2/20/2018,,,,,,,,,,,,
Wednesday,2/21/2018,,,,,,,,,,,,
Thursday,2/22/2018,,,,,,,,,,,,
Friday,2/23/2018,,,,,,,,,,,,
Saturday,2/24/2018,,9:02 AM,,,,Franklin Woods to Bolin Creek,Brooks Revel 1,2.92,0:23:10,7:56,"7:21,8:28,7:58",
Sunday,2/25/2018,,,,,,,,,,,,
Monday,2/26/2018,,,,,,,,,,,,
Tuesday,2/27/2018,,2:50 PM,,,,Franklin Woods to Bolin Creek,Brooks Revel 1,2.98,0:23:09,7:45,"7:26,8:07,7:39",
Wednesday,2/28/2018,,,,,,,,,,,,
Thursday,3/1/2018,,,,,,,,,,,,
Friday,3/2/2018,,,,,,,,,,,,
Saturday,3/3/2018,,,,,,,,,,,,
Sunday,3/4/2018,,,,,,,,,,,,
Monday,3/5/2018,,,,,,,,,,,,
Tuesday,3/6/2018,,,,,,,,,,,,
Wednesday,3/7/2018,,,,,,,,,,,,
Thursday,3/8/2018,,,,,,,,,,,,
Friday,3/9/2018,,,,,,,,,,,,
Saturday,3/10/2018,,,,,,,,,,,,
Sunday,3/11/2018,,,,,,,,,,,,
Monday,3/12/2018,,,,,,,,,,,,
Tuesday,3/13/2018,,,,,,,,,,,,
Wednesday,3/14/2018,,,,,,,,,,,,
Thursday,3/15/2018,,,,,,,,,,,,
Friday,3/16/2018,,,,,,,,,,,,
Saturday,3/17/2018,,,,,,,,,,,,
Sunday,3/18/2018,,,,,,,,,,,,
Monday,3/19/2018,,,,,,,,,,,,
Tuesday,3/20/2018,,,,,,,,,,,,
Wednesday,3/21/2018,,,,,,,,,,,,
Thursday,3/22/2018,,3:10 PM,,,,Franklin Woods to Bolin Creek,Brooks Revel 1,2.97,0:24:43,8:20,"7:38,8:52,8:31",
Friday,3/23/2018,,,,,,,,,,,,
Saturday,3/24/2018,,,,,,,,,,,,
Sunday,3/25/2018,,,,,,,,,,,,
Monday,3/26/2018,,4:28 PM,,,,"Franklin Woods, Bolin Creek, Estes",Brooks Revel 1,4.04,0:32:42,8:06,"7:14,8:52,8:13,8:06",
Tuesday,3/27/2018,,,,,,,,,,,,
Wednesday,3/28/2018,,,,,,,,,,,,
Thursday,3/29/2018,,5:03 PM,,,,"Franklin Woods, Bolin Creek, Estes",Brooks Revel 1,4.02,0:33:48,8:24,"7:30,8:28,8:54,8:42",
Friday,3/30/2018,,,,,,,,,,,,
Saturday,3/31/2018,,,,,,,,,,,,
Sunday,4/1/2018,,,,,,,,,,,,
Monday,4/2/2018,,7:37 PM,,,,"Franklin Woods, Bolin Creek, Estes",Brooks Revel 1,4.01,0:32:43,8:10,"7:29,8:38,8:08,8:24",
Tuesday,4/3/2018,,,,,,,,,,,,
Wednesday,4/4/2018,,,,,,,,,,,,
Thursday,4/5/2018,,5:29 PM,,,,"Franklin Woods, Bolin Creek, Estes",Brooks Revel 1,3.84,0:32:14,8:23,"8:20,9:15,8:20,7:25",
Friday,4/6/2018,,,,,,,,,,,,
Saturday,4/7/2018,,,,,,,,,,,,
Sunday,4/8/2018,,,,,,,,,,,,
Monday,4/9/2018,,7:48 PM,,,,"E. Franklin, Rosemary to Beer Study, W. Franklin",Brooks Revel 1,5.09,0:41:16,8:06,"7:39,8:08,8:50,7:59,7:58",
Tuesday,4/10/2018,,,,,,,,,,,,
Wednesday,4/11/2018,,,,,,,,,,,,
Thursday,4/12/2018,,5:02 PM,,,,E. Franklin,Brooks Revel 1,4.11,0:35:38,8:40,"8:42,8:34,8:36,8:50,8:48",
Friday,4/13/2018,,,,,,,,,,,,
Saturday,4/14/2018,,,,,,,,,,,,
Sunday,4/15/2018,,,,,,,,,,,,
Monday,4/16/2018,,1:30 PM,,,,"E. Franklin, Rosemary to Beer Study, W. Franklin",Brooks Revel 1,5.07,0:41:00,8:05,"7:48,7:41,8:46,8:14,7:58",
Tuesday,4/17/2018,,,,,,,,,,,,
Wednesday,4/18/2018,,8:01 PM,,,,"E. Franklin, Rosemary to Beer Study, W. Franklin",Brooks Revel 1,4.98,0:45:43,9:11,"8:21,8:51,9:44,10:30,8:25",
Thursday,4/19/2018,,,,,,,,,,,,
Friday,4/20/2018,,,,,,,,,,,,
Saturday,4/21/2018,,5:30 PM,,,,"E. Franklin, Rosemary to Beer Study, W. Franklin",Brooks Revel 1,5.07,0:41:21,8:09,"8:38,7:43,8:17,8:39,7:26",
Sunday,4/22/2018,,,,,,,,,,,,
Monday,4/23/2018,,,,,,,,,,,,
Tuesday,4/24/2018,,,,,,,,,,,,
Wednesday,4/25/2018,,7:20 PM,,,,"E. Franklin, Rosemary to Beer Study, W. Franklin",Brooks Revel 1,5.08,0:42:05,8:16,"10:09,7:51,8:12,7:54,7:22",
Thursday,4/26/2018,,,,,,,,,,,,
Friday,4/27/2018,,,,,,,,,,,,
Saturday,4/28/2018,,,,,,,,,,,,
Sunday,4/29/2018,,,,,,,,,,,,
Monday,4/30/2018,,5:09 PM,,,,"E. Franklin, Rosemary to Beer Study, W. Franklin",Brooks Revel 1,5.09,0:41:13,8:05,"8:39,7:33,7:37,9:12,7:24",
Tuesday,5/1/2018,,,,,,,,,,,,
Wednesday,5/2/2018,,,,,,,,,,,,
Thursday,5/3/2018,,2:40 PM,,,,"E. Franklin, Rosemary to Beer Study, W. Franklin",Brooks Revel 1,4.11,0:34:28,8:22,"7:36,7:55,8:11,9:41,9:08",Looks like I ended this run early and walked back
Friday,5/4/2018,,,,,,,,,,,,
Saturday,5/5/2018,,,,,,,,,,,,
Sunday,5/6/2018,,,,,,,,,,,,
Monday,5/7/2018,,7:15 PM,,,,"E. Franklin, Rosemary to Beer Study, W. Franklin",Brooks Revel 1,5.07,0:40:00,7:53,"8:05,7:38,8:19,7:43,7:42",
Tuesday,5/8/2018,,,,,,,,,,,,
Wednesday,5/9/2018,,,,,,,,,,,,
Thursday,5/10/2018,,,,,,,,,,,,
Friday,5/11/2018,,,,,,,,,,,,
Saturday,5/12/2018,,,,,,,,,,,,
Sunday,5/13/2018,,5:52 PM,,,,E. Franklin to Battle Park,Brooks Revel 1,2.84,0:24:49,8:44,"8:48,9:03,8:15",
Monday,5/14/2018,,7:42 PM,,,,"E. Franklin, Rosemary to Beer Study, W. Franklin",Brooks Revel 1,5.12,0:42:59,8:23,"8:11,8:11,8:13,9:00,8:27",
Tuesday,5/15/2018,,,,,,,,,,,,
Wednesday,5/16/2018,,3:19 PM,,,,"E. Franklin, W. Franklin",Brooks Revel 1,4.45,0:39:43,8:55,"8:43,8:01,9:41,9:45,",
Thursday,5/17/2018,,,,,,,,,,,,
Friday,5/18/2018,,,,,,,,,,,,
Saturday,5/19/2018,,,,,,,,,,,,
Sunday,5/20/2018,,,,,,,,,,,,
Monday,5/21/2018,,5:51 PM,,,,"E. Franklin, Rosemary to Beer Study, W. Franklin",Brooks Revel 1,5.13,0:44:07,8:36,"9:28,8:16,8:18,9:11,7:54",
Tuesday,5/22/2018,,,,,,,,,,,,
Wednesday,5/23/2018,,,,,,,,,,,,
Thursday,5/24/2018,,5:09 PM,,,,"E. Franklin, Rosemary to Beer Study, W. Franklin",Brooks Revel 1,5.13,0:45:09,8:48,"8:24,8:00,9:26,9:54,8:14",
Friday,5/25/2018,,,,,,,,,,,,
Saturday,5/26/2018,,,,,,,,,,,,
Sunday,5/27/2018,,,,,,,,,,,,
Monday,5/28/2018,,,,,,,,,,,,
Tuesday,5/29/2018,,4:26 PM,,,,Franklin Woods to Trader Joe's,Brooks Revel 1,1.81,0:13:35,7:29,7:09,
Wednesday,5/30/2018,,,,,,,,,,,,
Thursday,5/31/2018,,,,,,,,,,,,
Friday,6/1/2018,,5:23 PM,,,,E. Franklin,Brooks Revel 1,4.11,0:32:21,7:52,"7:23,8:21,7:53,7:42",
Saturday,6/2/2018,,,,,,,,,,,,
Sunday,6/3/2018,,,,,,,,,,,,
Monday,6/4/2018,,,,,,,,,,,,
Tuesday,6/5/2018,,,,,,,,,,,,
Wednesday,6/6/2018,,,,,,,,,,,,
Thursday,6/7/2018,,6:20 PM,,,,Carolina North Forest,Brooks Revel 1,2.26,0:18:53,8:21,"8:35,8:21",
Friday,6/8/2018,,,,,,,,,,,,
Saturday,6/9/2018,,10:12 AM,,,,"E. Franklin, Rosemary, W. Franklin",Brooks Revel 1,4.84,0:41:48,8:38,"7:34,7:56,9:09,10:24",
Sunday,6/10/2018,,,,,,,,,,,,
Monday,6/11/2018,,,,,,,,,,,,
Tuesday,6/12/2018,,,,,,,,,,,,
Wednesday,6/13/2018,,,,,,,,,,,,
Thursday,6/14/2018,,5:16 PM,,,,"E. Franklin, Rosemary to Beer Study, W. Franklin",Brooks Revel 1,3.16,0:29:17,9:16,"7:39,8:12,11:33",Looks like I ended early
Friday,6/15/2018,,,,,,,,,,,,
Saturday,6/16/2018,,,,,,,,,,,,
Sunday,6/17/2018,,,,,,,,,,,,
Monday,6/18/2018,,,,,,,,,,,,
Tuesday,6/19/2018,,,,,,,,,,,,
Wednesday,6/20/2018,,,,,,,,,,,,
Thursday,6/21/2018,,,,,,,,,,,,
Friday,6/22/2018,,,,,,,,,,,,
Saturday,6/23/2018,,9:59 AM,,,,"Franklin Woods, Bolin Creek Trail",Brooks Revel 1,2.97,0:21:16,7:09,"6:58,7:08,7:20",
Sunday,6/24/2018,,,,,,,,,,,,
Monday,6/25/2018,,,,,,,,,,,,
Tuesday,6/26/2018,,5:28 AM,,,,E. Franklin,Brooks Revel 1,3.05,0:22:23,7:20,"7:33,7:29,7:00",
Wednesday,6/27/2018,,,,,,,,,,,,
Thursday,6/28/2018,,,,,,,,,,,,
Friday,6/29/2018,,,,,,,,,,,,
Saturday,6/30/2018,,,,,,,,,,,,
Sunday,7/1/2018,,,,,,,,,,,,
Monday,7/2/2018,,,,,,,,,,,,
Tuesday,7/3/2018,,,,,,,,,,,,
Wednesday,7/4/2018,,,,,,,,,,,,
Thursday,7/5/2018,,,,,,,,,,,,
Friday,7/6/2018,,,,,,,,,,,,
Saturday,7/7/2018,,,,,,,,,,,,
Sunday,7/8/2018,,,,,,,,,,,,
Monday,7/9/2018,,,,,,,,,,,,
Tuesday,7/10/2018,,,,,,,,,,,,
Wednesday,7/11/2018,,,,,,,,,,,,
Thursday,7/12/2018,,,,,,,,,,,,
Friday,7/13/2018,,,,,,,,,,,,
Saturday,7/14/2018,,,,,,,,,,,,
Sunday,7/15/2018,,3:55 PM,,,,"E. Franklin, W. Franklin",Brooks Revel 1,4.4,0:37:42,8:34,"8:02,8:05,9:44,8:47",
Monday,7/16/2018,,,,,,,,,,,,
Tuesday,7/17/2018,,,,,,,,,,,,
Wednesday,7/18/2018,,,,,,,,,,,,
Thursday,7/19/2018,,,,,,,,,,,,
Friday,7/20/2018,,,,,,,,,,,,
Saturday,7/21/2018,,,,,,,,,,,,
Sunday,7/22/2018,,,,,,,,,,,,
Monday,7/23/2018,,,,,,,,,,,,
Tuesday,7/24/2018,,,,,,,,,,,,
Wednesday,7/25/2018,,,,,,,,,,,,
Thursday,7/26/2018,,,,,,,,,,,,
Friday,7/27/2018,,,,,,,,,,,,
Saturday,7/28/2018,,,,,,,,,,,,
Sunday,7/29/2018,,10:29 AM,,,,Mt. Pleasant,Brooks Revel 1,2.79,0:20:34,7:23,"6:36,7:57,7:37",
Monday,7/30/2018,,4:43 PM,,,,Mt. Pleasant,Brooks Revel 1,1.94,0:15:17,7:52,"6:46,9:01",
Tuesday,7/31/2018,,,,,,,,,,,,
Wednesday,8/1/2018,,,,,,,,,,,,
Thursday,8/2/2018,,7:24 PM,,,,Mt. Pleasant,Brooks Revel 1,3,0:22:06,7:22,"6:26,7:41,7:58",
Friday,8/3/2018,,,,,,,,,,,,
Saturday,8/4/2018,,11:04 AM,,,,Mt. Pleasant,Brooks Revel 1,5.25,0:45:23,8:38,"7:25,7:58,8:05,9:13,9:55",
Sunday,8/5/2018,,,,,,,,,,,,
Monday,8/6/2018,,4:45 PM,,,,Mt. Pleasant,Brooks Revel 1,2.96,0:22:12,7:29,"6:34,7:43,8:13",
Tuesday,8/7/2018,,,,,,,,,,,,
Wednesday,8/8/2018,,6:10 PM,,,,Mt. Pleasant,Brooks Revel 1,2.91,0:27:12,9:20,"7:27,9:04,11:35",
Thursday,8/9/2018,,,,,,,,,,,,
Friday,8/10/2018,,,,,,,,,,,,
Saturday,8/11/2018,,,,,,,,,,,,
Sunday,8/12/2018,,,,,,,,,,,,
Monday,8/13/2018,,,,,,,,,,,,
Tuesday,8/14/2018,,,,,,,,,,,,
Wednesday,8/15/2018,,,,,,,,,,,,
Thursday,8/16/2018,,,,,,,,,,,,
Friday,8/17/2018,,,,,,,,,,,,
Saturday,8/18/2018,,,,,,,,,,,,
Sunday,8/19/2018,,,,,,,,,,,,
Monday,8/20/2018,,,,,,,,,,,,
Tuesday,8/21/2018,,,,,,,,,,,,
Wednesday,8/22/2018,,,,,,,,,,,,
Thursday,8/23/2018,,,,,,,,,,,,
Friday,8/24/2018,,5:23 PM,,,,Barnett Shoals,Brooks Revel 1,2.86,0:23:39,8:16,"7:57,8:08,8:45",
Saturday,8/25/2018,,,,,,,,,,,,
Sunday,8/26/2018,,8:35 AM,,,,Barnett Shoals,Brooks Revel 1,3.37,0:26:29,7:51,"7:27,7:50,8:14",
Monday,8/27/2018,,,,,,,,,,,,
Tuesday,8/28/2018,,5:27 PM,,,,Mt. Pleasant,Brooks Revel 1,2.95,0:22:13,7:31,"6:48,7:44,8:03",
Wednesday,8/29/2018,,,,,,,,,,,,
Thursday,8/30/2018,,,,,,,,,,,,
Friday,8/31/2018,,,,,,,,,,,,
Saturday,9/1/2018,,,,,,,,,,,,
Sunday,9/2/2018,,,,,,,,,,,,
Monday,9/3/2018,,,,,,,,,,,,
Tuesday,9/4/2018,,,,,,,,,,,,
Wednesday,9/5/2018,,5:51 PM,,,,Mt. Pleasant,Brooks Revel 1,2.75,0:23:45,8:38,"7:16,8:30,10:36",
Thursday,9/6/2018,,,,,,,,,,,,
Friday,9/7/2018,,,,,,,,,,,,
Saturday,9/8/2018,,,,,,,,,,,,
Sunday,9/9/2018,,11:29 AM,,,,Frank Liske Park,Brooks Revel 1,2.37,0:20:30,8:38,"8:17,8:15",
Monday,9/10/2018,,,,,,,,,,,,
Tuesday,9/11/2018,,,,,,,,,,,,
Wednesday,9/12/2018,,7:37 AM,,,,Barnett Shoals,Brooks Revel 1,2.64,0:21:47,8:14,"8:00,8:05",
Thursday,9/13/2018,,2:06 PM,,,,Lake Herrick,Brooks Revel 1,2.49,0:16:33,6:39,"6:17,7:00,6:41",
Friday,9/14/2018,,,,,,,,,,,,
Saturday,9/15/2018,,,,,,,,,,,,
Sunday,9/16/2018,,,,,,,,,,,,
Monday,9/17/2018,,,,,,,,,,,,
Tuesday,9/18/2018,,,,,,,,,,,,
Wednesday,9/19/2018,,,,,,,,,,,,
Thursday,9/20/2018,,,,,,,,,,,,
Friday,9/21/2018,,1:22 PM,,,"85,partly cloudy",Lake Herrick,Brooks Revel 1,3.16,27:47:00,8:47,"7:57,8:09,9:56",
Saturday,9/22/2018,,,,,,,,,,,,
Sunday,9/23/2018,,,,,,,,,,,,
Monday,9/24/2018,,,,,,,,,,,,
Tuesday,9/25/2018,,,,,,,,,,,,
Wednesday,9/26/2018,,12:36 PM,,,"84,partly cloudy",Lake Herrick,Brooks Revel 1,3.74,29:38:00,7:55,"6:54,7:57,7:58",
Thursday,9/27/2018,,,,,,,,,,,,
Friday,9/28/2018,,12:29 PM,,,"79,partly cloudy",Lake Herrick,Brooks Revel 1,4.11,38:22:00,9:20,"8:51,8:34,10:25,9:16",
Saturday,9/29/2018,,,,,,,,,,,,
Sunday,9/30/2018,,,,,,,,,,,,
Monday,10/1/2018,,12:39 PM,,,"80,sunny",Lake Herick,Brooks Revel 1,4.08,0:34:29,8:27,"8:35,7:59,8:59,8:13",
Tuesday,10/2/2018,,,,,,,,,,,,
Wednesday,10/3/2018,,12:34 PM,,,,,,,0:06:01,,,Destroyed ankle
Thursday,10/4/2018,,,,,,,,,,,,
Friday,10/5/2018,,,,,,,,,,,,
Saturday,10/6/2018,,,,,,,,,,,,
Sunday,10/7/2018,,,,,,,,,,,,
Monday,10/8/2018,,,,,,,,,,,,
Tuesday,10/9/2018,,,,,,,,,,,,
Wednesday,10/10/2018,,,,,,,,,,,,
Thursday,10/11/2018,,,,,,,,,,,,
Friday,10/12/2018,,,,,,,,,,,,
Saturday,10/13/2018,,,,,,,,,,,,
Sunday,10/14/2018,,,,,,,,,,,,
Monday,10/15/2018,,3:56 PM,,,"82, partly cloudy",Whitehall Village,Brooks Revel 1,0.89,0:08:32,9:31,,
Tuesday,10/16/2018,,,,,,,,,,,,
Wednesday,10/17/2018,,,,,,,,,,,,
Thursday,10/18/2018,,,,,,,,,,,,
Friday,10/19/2018,,,,,,,,,,,,
Saturday,10/20/2018,,,,,,,,,,,,
Sunday,10/21/2018,,,,,,,,,,,,
Monday,10/22/2018,,,,,,,,,,,,
Tuesday,10/23/2018,,,,,,,,,,,,
Wednesday,10/24/2018,,3:36 PM,,,"71,sunny",Oconee Greenway,Brooks Revel 1,0.48,0:03:51,7:56,,
Thursday,10/25/2018,,,,,,,,,,,,
Friday,10/26/2018,,,,,,,,,,,,
Saturday,10/27/2018,,,,,,,,,,,,
Sunday,10/28/2018,,,,,,,,,,,,
Monday,10/29/2018,,,,,,,,,,,,
Tuesday,10/30/2018,,,,,,,,,,,,
Wednesday,10/31/2018,,,,,,,,,,,,
Thursday,11/1/2018,,9:37 AM,,,"62,partly cloudy",Oconee Greenway,Brooks Revel 1,1.33,0:10:59,8:15,8:10,
Friday,11/2/2018,,,,,,,,,,,,
Saturday,11/3/2018,,,,,,,,,,,,
Sunday,11/4/2018,,,,,,,,,,,,
Monday,11/5/2018,,3:24 PM,,,"64,partly cloudy",Whitehall Village,Brooks Revel 1,1.6,0:13:51,8:39,7:52,
Tuesday,11/6/2018,,2:10 PM,,,"72,partly cloudy",Whitehall Village,Brooks Revel 1,1.38,0:10:58,7:56,7:49,
Wednesday,11/7/2018,,,,,,,,,,,,
Thursday,11/8/2018,,,,,,,,,,,,
Friday,11/9/2018,,,,,,,,,,,,
Saturday,11/10/2018,,9:14 AM,,,"40,sunny",Oconee Greenway,Brooks Revel 1,2.59,0:19:36,7:33,"7:09,7:54",
Sunday,11/11/2018,,,,,,,,,,,,
Monday,11/12/2018,,8:43 AM,,,"41,cloudy",Whitehall Village,Brooks Revel 1,0.48,0:04:04,8:25,,
Tuesday,11/13/2018,,,,,,,,,,,,
Wednesday,11/14/2018,,,,,,,,,,,,
Thursday,11/15/2018,,,,,,,,,,,,
Friday,11/16/2018,,,,,,,,,,,,
Saturday,11/17/2018,,,,,,,,,,,,
Sunday,11/18/2018,,,,,,,,,,,,
Monday,11/19/2018,,,,,,,,,,,,
Tuesday,11/20/2018,,12:09 PM,,,"59,sunny",Whitehall Village,Brooks Revel 1,2.01,0:15:29,7:43,"7:30,7:52",
Wednesday,11/21/2018,,,,,,,,,,,,
Thursday,11/22/2018,,,,,,,,,,,,
Friday,11/23/2018,,,,,,,,,,,,
Saturday,11/24/2018,,,,,,,,,,,,
Sunday,11/25/2018,,,,,,,,,,,,
Monday,11/26/2018,,,,,,,,,,,,
Tuesday,11/27/2018,,,,,,,,,,,,
Wednesday,11/28/2018,,,,,,,,,,,,
Thursday,11/29/2018,,,,,,,,,,,,
Friday,11/30/2018,,,,,,,,,,,,
Saturday,12/1/2018,,,,,,,,,,,,
Sunday,12/2/2018,,,,,,,,,,,,
Monday,12/3/2018,,,,,,,,,,,,
Tuesday,12/4/2018,,,,,,,,,,,,
Wednesday,12/5/2018,,,,,,,,,,,,
Thursday,12/6/2018,,,,,,,,,,,,
Friday,12/7/2018,,,,,,,,,,,,
Saturday,12/8/2018,,,,,,,,,,,,
Sunday,12/9/2018,,,,,,,,,,,,
Monday,12/10/2018,,,,,,,,,,,,
Tuesday,12/11/2018,,,,,,,,,,,,
Wednesday,12/12/2018,,,,,,,,,,,,
Thursday,12/13/2018,,,,,,,,,,,,
Friday,12/14/2018,,,,,,,,,,,,
Saturday,12/15/2018,,3:02 PM,,,"56,cloudy",Whitehall Village,Brooks Revel 1,2.02,0:16:23,8:07,"7:44,8:20",
Sunday,12/16/2018,,2:43 PM,,,"56,partly cloudy",Whitehall Village,Brooks Revel 1,2.13,0:16:41,7:49,"7:30,8:07",
Monday,12/17/2018,,4:53 PM,,,"62,sunny",Whitehall Village,Brooks Revel 1,2.01,0:16:23,8:08,"7:55,8:22",
Tuesday,12/18/2018,,,,,,,,,,,,
Wednesday,12/19/2018,,,,,,,,,,,,
Thursday,12/20/2018,,,,,,,,,,,,
Friday,12/21/2018,,,,,,,,,,,,
Saturday,12/22/2018,,,,,,,,,,,,
Sunday,12/23/2018,,2:10 PM,,,"58,partly cloudy",Whitehall Village,Brooks Revel 1,3,0:24:13,8:04,"7:46,8:09,8:14",
Monday,12/24/2018,,,,,,,,,,,,
Tuesday,12/25/2018,,,,,,,,,,,,
Wednesday,12/26/2018,,,,,,,,,,,,
Thursday,12/27/2018,,,,,,,,,,,,
Friday,12/28/2018,,,,,,,,,,,,
Saturday,12/29/2018,,1:45 PM,,,"63,sunny",Whitehall Village,Brooks Revel 1,3.76,0:30:11,8:02,"7:29,8:13,8:08",
Sunday,12/30/2018,,,,,,,,,,,,
Monday,12/31/2018,,,,,,,,,,,,
