weekDay,date,Activity Type,dateTime,Favorite,Title,Distance,Calories,Time,Avg HR,Max HR,Aerobic TE,Avg Run Cadence,Max Run Cadence,Avg Pace,Best Pace,Elev Gain,Elev Loss,Avg Stride Length,Avg Vertical Ratio,Avg Vertical Oscillation,Training Stress ScoreÂ®,Grit,Flow,Climb Time,Bottom Time,Min Temp,Surface Interval,Decompression,Best Lap Time,Number of Laps,Max Temp,Run Type,Distance Type,Weather,Location,Shoes
Tuesday,1/1/2019,,2019-01-01 7:57:00,,,3.04,,00:26:31,,,,,,8:43,,,,,,,,,,,,,,,,,,Recovery,Short Distance,"60, cloudy",Whitehall,Brooks Revel 1
Wednesday,1/2/2019,,,,,,,,,,,,,,,,,,,,,,,,,,,,,,,,,,,
Thursday,1/3/2019,,,,,,,,,,,,,,,,,,,,,,,,,,,,,,,,,,,
Friday,1/4/2019,,,,,,,,,,,,,,,,,,,,,,,,,,,,,,,,,,,
Saturday,1/5/2019,,,,,,,,,,,,,,,,,,,,,,,,,,,,,,,,,,,
Sunday,1/6/2019,,2019-01-06 15:37:00,,,3.01,,00:24:13,,,,,,8:03,,,,,,,,,,,,,,,,,,Tempo,Short Distance,"70, sunny",Whitehall,Brooks Revel 1
Monday,1/7/2019,,,,,,,,,,,,,,,,,,,,,,,,,,,,,,,,,,,
Tuesday,1/8/2019,,,,,,,,,,,,,,,,,,,,,,,,,,,,,,,,,,,
Wednesday,1/9/2019,,,,,,,,,,,,,,,,,,,,,,,,,,,,,,,,,,,
Thursday,1/10/2019,,,,,,,,,,,,,,,,,,,,,,,,,,,,,,,,,,,
Friday,1/11/2019,,,,,,,,,,,,,,,,,,,,,,,,,,,,,,,,,,,
Saturday,1/12/2019,,,,,,,,,,,,,,,,,,,,,,,,,,,,,,,,,,,
Sunday,1/13/2019,,,,,,,,,,,,,,,,,,,,,,,,,,,,,,,,,,,
Monday,1/14/2019,,,,,,,,,,,,,,,,,,,,,,,,,,,,,,,,,,,
Tuesday,1/15/2019,,,,,,,,,,,,,,,,,,,,,,,,,,,,,,,,,,,
Wednesday,1/16/2019,,2019-01-16 17:38:00,,,2.03,,00:15:54,,,,,,7:49,,,,,,,,,,,,,,,,,,Tempo,Short Distance,"55, sunny",Whitehall,Brooks Revel 1
Thursday,1/17/2019,,,,,,,,,,,,,,,,,,,,,,,,,,,,,,,,,,,
Friday,1/18/2019,,2019-01-18 17:55:00,,,3.02,,00:24:27,,,,,,8:05,,,,,,,,,,,,,,,,,,Recovery,Short Distance,"54, cloudy",Whitehall,Brooks Revel 1
Saturday,1/19/2019,,,,,,,,,,,,,,,,,,,,,,,,,,,,,,,,,,,
Sunday,1/20/2019,,,,,,,,,,,,,,,,,,,,,,,,,,,,,,,,,,,
Monday,1/21/2019,,,,,,,,,,,,,,,,,,,,,,,,,,,,,,,,,,,
Tuesday,1/22/2019,,2019-01-22 17:13:00,,,2.3,,00:18:06,,,,,,7:51,,,,,,,,,,,,,,,,,,Tempo,Short Distance,"43, cloudy",Whitehall,Brooks Revel 1
Wednesday,1/23/2019,,2019-01-23 16:50:00,,,3,,00:25:25,,,,,,8:27,,,,,,,,,,,,,,,,,,Recovery,Short Distance,"63, partly cloudy",Whitehall,Brooks Revel 1
Thursday,1/24/2019,,,,,,,,,,,,,,,,,,,,,,,,,,,,,,,,,,,
Friday,1/25/2019,,2019-01-25 16:42:00,,,3,,00:24:17,,,,,,8:05,,,,,,,,,,,,,,,,,,Recovery,Short Distance,"49, sunny",Whitehall,Brooks Revel 1
Saturday,1/26/2019,,,,,,,,,,,,,,,,,,,,,,,,,,,,,,,,,,,
Sunday,1/27/2019,,2019-01-27 15:23:00,,,3,,00:23:49,,,,,,7:55,,,,,,,,,,,,,,,,,,Tempo,Short Distance,"51, sunny",Whitehall,Brooks Revel 1
Monday,1/28/2019,,,,,,,,,,,,,,,,,,,,,,,,,,,,,,,,,,,
Tuesday,1/29/2019,,,,,,,,,,,,,,,,,,,,,,,,,,,,,,,,,,,
Wednesday,1/30/2019,,,,,,,,,,,,,,,,,,,,,,,,,,,,,,,,,,,
Thursday,1/31/2019,,,,,,,,,,,,,,,,,,,,,,,,,,,,,,,,,,,
Friday,2/1/2019,,,,,,,,,,,,,,,,,,,,,,,,,,,,,,,,,,,
Saturday,2/2/2019,,2019-02-02 15:41:00,,,3,,00:24:06,,,,,,8:01,,,,,,,,,,,,,,,,,,Recovery,Short Distance,"67, partly cloudy",Whitehall,Brooks Revel 1
Sunday,2/3/2019,,,,,,,,,,,,,,,,,,,,,,,,,,,,,,,,,,,
Monday,2/4/2019,,,,,,,,,,,,,,,,,,,,,,,,,,,,,,,,,,,
Tuesday,2/5/2019,,,,,,,,,,,,,,,,,,,,,,,,,,,,,,,,,,,
Wednesday,2/6/2019,,,,,,,,,,,,,,,,,,,,,,,,,,,,,,,,,,,
Thursday,2/7/2019,,,,,,,,,,,,,,,,,,,,,,,,,,,,,,,,,,,
Friday,2/8/2019,,,,,,,,,,,,,,,,,,,,,,,,,,,,,,,,,,,
Saturday,2/9/2019,,,,,,,,,,,,,,,,,,,,,,,,,,,,,,,,,,,
Sunday,2/10/2019,,,,,,,,,,,,,,,,,,,,,,,,,,,,,,,,,,,
Monday,2/11/2019,,,,,,,,,,,,,,,,,,,,,,,,,,,,,,,,,,,
Tuesday,2/12/2019,,,,,,,,,,,,,,,,,,,,,,,,,,,,,,,,,,,
Wednesday,2/13/2019,,2019-02-13 16:19:00,,,4.05,,00:30:58,,,,,,7:39,,,,,,,,,,,,,,,,,,Tempo,Short Distance,"58, sunny",Barnett Shoals,Brooks Revel 1
Thursday,2/14/2019,,,,,,,,,,,,,,,,,,,,,,,,,,,,,,,,,,,
Friday,2/15/2019,,,,,,,,,,,,,,,,,,,,,,,,,,,,,,,,,,,
Saturday,2/16/2019,,2019-02-16 12:43:00,,,4.01,,00:30:26,,,,,,7:35,,,,,,,,,,,,,,,,,,Tempo,Short Distance,"67, sunny",Barnett Shoals,Brooks Revel 1
Sunday,2/17/2019,,,,,,,,,,,,,,,,,,,,,,,,,,,,,,,,,,,
Monday,2/18/2019,,2019-02-18 12:44:00,,,5.06,,00:41:42,,,,,,8:14,,,,,,,,,,,,,,,,,,Recovery,Mid Distance,"59, sunny",Barnett Shoals,Brooks Revel 1
Tuesday,2/19/2019,,,,,,,,,,,,,,,,,,,,,,,,,,,,,,,,,,,
Wednesday,2/20/2019,,,,,,,,,,,,,,,,,,,,,,,,,,,,,,,,,,,
Thursday,2/21/2019,,2019-02-21 18:02:00,,,4.03,,00:29:50,,,,,,7:24,,,,,,,,,,,,,,,,,,Tempo,Short Distance,,Barnett Shoals,Brooks Revel 1
Friday,2/22/2019,,,,,,,,,,,,,,,,,,,,,,,,,,,,,,,,,,,
Saturday,2/23/2019,,,,,,,,,,,,,,,,,,,,,,,,,,,,,,,,,,,
Sunday,2/24/2019,,2019-02-24 10:13:00,,,6.01,,00:49:27,,,,,,8:14,,,,,,,,,,,,,,,,,,Distance,Mid Distance,"56, sunny",Barnett Shoals,Brooks Revel 1
Monday,2/25/2019,,2019-02-25 18:07:00,,,4.01,,00:28:42,,,,,,7:10,,,,,,,,,,,,,,,,,,Tempo,Short Distance,"60, sunny",Barnett Shoals,Brooks Revel 1
Tuesday,2/26/2019,,,,,,,,,,,,,,,,,,,,,,,,,,,,,,,,,,,
Wednesday,2/27/2019,,,,,,,,,,,,,,,,,,,,,,,,,,,,,,,,,,,
Thursday,2/28/2019,,2019-02-28 18:00:00,,,4,,00:29:45,,,,,,7:26,,,,,,,,,,,,,,,,,,Tempo,Short Distance,"60, partly cloudy",Barnett Shoals,Brooks Revel 1
Friday,3/1/2019,,,,,,,,,,,,,,,,,,,,,,,,,,,,,,,,,,,
Saturday,3/2/2019,,2019-03-02 15:15:00,,,6.01,,00:47:09,,,,,,7:50,,,,,,,,,,,,,,,,,,Recovery,Mid Distance,,Old Lexington,Brooks Revel 1
Sunday,3/3/2019,,,,,,,,,,,,,,,,,,,,,,,,,,,,,,,,,,,
Monday,3/4/2019,,,,,,,,,,,,,,,,,,,,,,,,,,,,,,,,,,,
Tuesday,3/5/2019,,,,,,,,,,,,,,,,,,,,,,,,,,,,,,,,,,,
Wednesday,3/6/2019,,,,,,,,,,,,,,,,,,,,,,,,,,,,,,,,,,,
Thursday,3/7/2019,,2019-03-07 18:09:00,,,3.42,,00:27:01,,,,,,7:54,,,,,,,,,,,,,,,,,,Tempo,Short Distance,"57, partly cloudy",Barnett Shoals,Brooks Revel 1
Friday,3/8/2019,,,,,,,,,,,,,,,,,,,,,,,,,,,,,,,,,,,
Saturday,3/9/2019,,,,,,,,,,,,,,,,,,,,,,,,,,,,,,,,,,,
Sunday,3/10/2019,,2019-03-10 18:21:00,,,3.01,,00:22:02,,,,,,7:19,,,,,,,,,,,,,,,,,,Tempo,Short Distance,"70, partly cloudy",Barnett Shoals,Brooks Revel 1
Monday,3/11/2019,,,,,,,,,,,,,,,,,,,,,,,,,,,,,,,,,,,
Tuesday,3/12/2019,,,,,,,,,,,,,,,,,,,,,,,,,,,,,,,,,,,
Wednesday,3/13/2019,,2019-03-13 18:02:00,,,4.01,,00:29:06,,,,,,7:15,,,,,,,,,,,,,,,,,,Tempo,Short Distance,,Barnett Shoals,Brooks Revel 1
Thursday,3/14/2019,,,,,,,,,,,,,,,,,,,,,,,,,,,,,,,,,,,
Friday,3/15/2019,,,,,,,,,,,,,,,,,,,,,,,,,,,,,,,,,,,
Saturday,3/16/2019,,,,,,,,,,,,,,,,,,,,,,,,,,,,,,,,,,,
Sunday,3/17/2019,,2019-03-17 11:43:00,,,6.02,,00:46:52,,,,,,7:47,,,,,,,,,,,,,,,,,,Distance,Mid Distance,"50, sunny",Old Lexington,Brooks Revel 1
Monday,3/18/2019,,,,,,,,,,,,,,,,,,,,,,,,,,,,,,,,,,,
Tuesday,3/19/2019,,,,,,,,,,,,,,,,,,,,,,,,,,,,,,,,,,,
Wednesday,3/20/2019,,2019-03-20 18:13:00,,,5.01,,00:37:42,,,,,,7:31,,,,,,,,,,,,,,,,,,Tempo,Mid Distance,"63, sunny",Barnett Shoals,Brooks Revel 1
Thursday,3/21/2019,,,,,,,,,,,,,,,,,,,,,,,,,,,,,,,,,,,
Friday,3/22/2019,,2019-03-22 18:43:00,,,4.51,,00:35:37,,,,,,7:53,,,,,,,,,,,,,,,,,,Recovery,Short Distance,"66, sunny",Old Lexington,Brooks Revel 1
Saturday,3/23/2019,,,,,,,,,,,,,,,,,,,,,,,,,,,,,,,,,,,
Sunday,3/24/2019,,2019-03-24 12:33:00,,,7.01,,00:59:31,,,,,,8:29,,,,,,,,,,,,,,,,,,Distance,Mid Distance,"65,sunny",Old Lexington,Brooks Revel 1
Monday,3/25/2019,,,,,,,,,,,,,,,,,,,,,,,,,,,,,,,,,,,
Tuesday,3/26/2019,,2019-03-26 18:13:00,,,4.01,,00:29:58,,,,,,7:28,,,,,,,,,,,,,,,,,,Tempo,Short Distance,"61,cloudy",Barnett Shoals,Brooks Revel 1
Wednesday,3/27/2019,,,,,,,,,,,,,,,,,,,,,,,,,,,,,,,,,,,
Thursday,3/28/2019,,2019-03-28 17:24:00,,,1.01,,00:6:55,,,,,,6:51,,,,,,,,,,,,,,,,,,Tempo,Short Distance,"67,sunny",Whitehall,Nike Legend React
Friday,3/29/2019,,,,,,,,,,,,,,,,,,,,,,,,,,,,,,,,,,,
Saturday,3/30/2019,,2019-03-30 14:40:00,,,7:03,,00:57:06,,,,,,8:08,,,,,,,,,,,,,,,,,,Recovery,Mid Distance,"74,partly cloudy",Old Lexington,Nike Legend React
Sunday,3/31/2019,,,,,,,,,,,,,,,,,,,,,,,,,,,,,,,,,,,
Monday,4/1/2019,,2019-04-01 18:17:00,,,4.82,,00:34:43,,,,,,7:10,,,,,,,,,,,,,,,,,,Tempo,Short Distance,"61,sunny","Snapfinger, Barnett Shoals",Nike Legend React
Tuesday,4/2/2019,,,,,,,,,,,,,,,,,,,,,,,,,,,,,,,,,,,
Wednesday,4/3/2019,,2019-04-03 18:13:00,,,5.01,,00:36:25,,,,,,7:16,,,,,,,,,,,,,,,,,,Tempo,Mid Distance,"73,sunny","Snapfinger, Barnett Shoals",Nike Legend React
Thursday,4/4/2019,,,,,,,,,,,,,,,,,,,,,,,,,,,,,,,,,,,
Friday,4/5/2019,,,,,,,,,,,,,,,,,,,,,,,,,,,,,,,,,,,
Saturday,4/6/2019,,2019-04-06 15:48:00,,,8.02,,1:05:29,,,,,,8:10,,,,,,,,,,,,,,,,,,Distance,Long Distance,"71,cloudy","Snapfinger, Old Lexington",Nike Legend React
Sunday,4/7/2019,,,,,,,,,,,,,,,,,,,,,,,,,,,,,,,,,,,
Monday,4/8/2019,,,,,,,,,,,,,,,,,,,,,,,,,,,,,,,,,,,
Tuesday,4/9/2019,,2019-04-09 18:16:00,,,5.01,,00:36:25,,,,,,7:16,,,,,,,,,,,,,,,,,,Tempo,Mid Distance,"74,partly cloudy","Snapfinger, Barnett Shoals",Nike Legend React
Wednesday,4/10/2019,,,,,,,,,,,,,,,,,,,,,,,,,,,,,,,,,,,
Thursday,4/11/2019,,2019-04-11 18:25:00,,,5.01,,00:39:19,,,,,,7:51,,,,,,,,,,,,,,,,,,Recovery,Mid Distance,"80,partly cloudy","Snapfinger, Barnett Shoals",Nike Legend React
Friday,4/12/2019,,,,,,,,,,,,,,,,,,,,,,,,,,,,,,,,,,,
Saturday,4/13/2019,,,,,,,,,,,,,,,,,,,,,,,,,,,,,,,,,,,
Sunday,4/14/2019,,2019-04-14 7:18:00,,,8.01,,1:04:41,,,,,,8:05,,,,,,,,,,,,,,,,,,Distance,Long Distance,"69,cloudy","Snapfinger, Old Lexington",Nike Legend React
Monday,4/15/2019,,,,,,,,,,,,,,,,,,,,,,,,,,,,,,,,,,,
Tuesday,4/16/2019,,,,,,,,,,,,,,,,,,,,,,,,,,,,,,,,,,,
Wednesday,4/17/2019,,,,,,,,,,,,,,,,,,,,,,,,,,,,,,,,,,,
Thursday,4/18/2019,,2019-04-18 18:43:00,,,3.02,,00:23:18,,,,,,7:43,,,,,,,,,,,,,,,,,,Recovery,Short Distance,"78,partly cloudy",Snapfinger,Nike Legend React
Friday,4/19/2019,,,,,,,,,,,,,,,,,,,,,,,,,,,,,,,,,,,
Saturday,4/20/2019,,,,,,,,,,,,,,,,,,,,,,,,,,,,,,,,,,,
Sunday,4/21/2019,,2019-04-21 9:11:00,,,8.02,,1:02:35,,,,,,7:49,,,,,,,,,,,,,,,,,,Recovery,Long Distance,"52,sunny","Snapfinger, Old Lexington",Nike Legend React
Monday,4/22/2019,,,,,,,,,,,,,,,,,,,,,,,,,,,,,,,,,,,
Tuesday,4/23/2019,,2019-04-23 18:50:00,,,5.02,,00:37:07,,,,,,7:24,,,,,,,,,,,,,,,,,,Tempo,Mid Distance,"82,sunny","Snapfinger, Barnett Shoals",Nike Legend React
Wednesday,4/24/2019,,,,,,,,,,,,,,,,,,,,,,,,,,,,,,,,,,,
Thursday,4/25/2019,,2019-04-25 16:02:00,,,5.01,,00:38:42,,,,,,7:44,,,,,,,,,,,,,,,,,,Recovery,Mid Distance,"75,sunny","Snapfinger, Barnett Shoals",Nike Legend React
Friday,4/26/2019,,,,,,,,,,,,,,,,,,,,,,,,,,,,,,,,,,,
Saturday,4/27/2019,,2019-04-27 13:56:00,,,8.02,,1:10:02,,,,,,8:44,,,,,,,,,,,,,,,,,,Distance,Long Distance,"72,sunny",College Station to Campus,Nike Legend React
Sunday,4/28/2019,,,,,,,,,,,,,,,,,,,,,,,,,,,,,,,,,,,
Monday,4/29/2019,,,,,,,,,,,,,,,,,,,,,,,,,,,,,,,,,,,
Tuesday,4/30/2019,,2019-04-30 19:23:00,,,5,,00:38:38,,,,,,7:44,,,,,,,,,,,,,,,,,,Recovery,Mid Distance,"83,sunny","Snapfinger, Barnett Shoals",Nike Legend React
Wednesday,5/1/2019,,,,,,,,,,,,,,,,,,,,,,,,,,,,,,,,,,,
Thursday,5/2/2019,,2019-05-02 18:27:00,,,2.47,,00:19:34,,,,,,7:55,,,,,,,,,,,,,,,,,,Recovery,Short Distance,"84,sunny","Snapfinger, Barnett Shoals",Nike Legend React
Friday,5/3/2019,,,,,,,,,,,,,,,,,,,,,,,,,,,,,,,,,,,
Saturday,5/4/2019,,,,,,,,,,,,,,,,,,,,,,,,,,,,,,,,,,,
Sunday,5/5/2019,,,,,,,,,,,,,,,,,,,,,,,,,,,,,,,,,,,
Monday,5/6/2019,,2019-05-06 18:11:00,,,5.04,,00:39:20,,,,,,7:49,,,,,,,,,,,,,,,,,,Recovery,Mid Distance,"83,sunny","Snapfinger, Barnett Shoals",Nike Legend React
Tuesday,5/7/2019,,,,,,,,,,,,,,,,,,,,,,,,,,,,,,,,,,,
Wednesday,5/8/2019,,2019-05-08 18:11:00,,,5,,00:39:40,,,,,,7:56,,,,,,,,,,,,,,,,,,Recovery,Mid Distance,"85,sunny","Snapfinger, Barnett Shoals",Nike Legend React
Thursday,5/9/2019,,,,,,,,,,,,,,,,,,,,,,,,,,,,,,,,,,,
Friday,5/10/2019,,,,,,,,,,,,,,,,,,,,,,,,,,,,,,,,,,,
Saturday,5/11/2019,,,,,,,,,,,,,,,,,,,,,,,,,,,,,,,,,,,
Sunday,5/12/2019,,2019-05-12 7:15:00,,,8.03,,1:04:50,,,,,,8:05,,,,,,,,,,,,,,,,,,Distance,Long Distance,"66,partly cloudy","Snapfinger, Old Lexington",Nike Legend React
Monday,5/13/2019,,,,,,,,,,,,,,,,,,,,,,,,,,,,,,,,,,,
Tuesday,5/14/2019,,2019-05-14 18:12:00,,,5.01,,00:36:57,,,,,,7:23,,,,,,,,,,,,,,,,,,Tempo,Mid Distance,"75,sunny","Snapfinger, Barnett Shoals",Nike Legend React
Wednesday,5/15/2019,,,,,,,,,,,,,,,,,,,,,,,,,,,,,,,,,,,
Thursday,5/16/2019,,2019-05-16 18:28:00,,,5,,00:37:54,,,,,,7:35,,,,,,,,,,,,,,,,,,Tempo,Mid Distance,"85,sunny","Snapfinger, Barnett Shoals",Nike Legend React
Friday,5/17/2019,,,,,,,,,,,,,,,,,,,,,,,,,,,,,,,,,,,
Saturday,5/18/2019,,,,,,,,,,,,,,,,,,,,,,,,,,,,,,,,,,,
Sunday,5/19/2019,,,,,,,,,,,,,,,,,,,,,,,,,,,,,,,,,,,
Monday,5/20/2019,,,,,,,,,,,,,,,,,,,,,,,,,,,,,,,,,,,
Tuesday,5/21/2019,,2019-05-21 18:17:00,,,5.02,,00:39:46,,,,,,7:55,,,,,,,,,,,,,,,,,,Recovery,Mid Distance,"90,sunny","Snapfinger, Barnett Shoals",Nike Legend React
Wednesday,5/22/2019,,,,,,,,,,,,,,,,,,,,,,,,,,,,,,,,,,,
Thursday,5/23/2019,,,,,,,,,,,,,,,,,,,,,,,,,,,,,,,,,,,
Friday,5/24/2019,,2019-05-24 19:00:00,,,5.02,,00:41:57,,,,,,8:22,,,,,,,,,,,,,,,,,,Recovery,Mid Distance,"92,partly cloudy","Snapfinger, Barnett Shoals",Nike Legend React
Saturday,5/25/2019,,,,,,,,,,,,,,,,,,,,,,,,,,,,,,,,,,,
Sunday,5/26/2019,,2019-05-26 8:57:00,,,5.86,,00:52:12,,,,,,8:55,,,,,,,,,,,,,,,,,,Distance,Mid Distance,"74,sunny","Snapfinger, Old Lexington",Nike Legend React
Monday,5/27/2019,,,,,,,,,,,,,,,,,,,,,,,,,,,,,,,,,,,
Tuesday,5/28/2019,,,,,,,,,,,,,,,,,,,,,,,,,,,,,,,,,,,
Wednesday,5/29/2019,,2019-05-29 18:17:00,,,5,,00:39:18,,,,,,7:52,,,,,,,,,,,,,,,,,,Recovery,Mid Distance,"95,sunny","Snapfinger, Barnett Shoals",Nike Legend React
Thursday,5/30/2019,,,,,,,,,,,,,,,,,,,,,,,,,,,,,,,,,,,
Friday,5/31/2019,,,,,,,,,,,,,,,,,,,,,,,,,,,,,,,,,,,
Saturday,6/1/2019,,,,,,,,,,,,,,,,,,,,,,,,,,,,,,,,,,,
Sunday,6/2/2019,,2019-06-02 8:09:00,,,8.01,,1:04:20,,,,,,8:02,,,,,,,,,,,,,,,,,,Distance,Long Distance,"65,sunny","Snapfinger, Old Lexington",Nike Legend React
Monday,6/3/2019,,,,,,,,,,,,,,,,,,,,,,,,,,,,,,,,,,,
Tuesday,6/4/2019,,2019-06-04 18:09:00,,,5.01,,00:38:46,,,,,,7:44,,,,,,,,,,,,,,,,,,Tempo,Mid Distance,"89,sunny","Snapfinger, Barnett Shoals",Nike Legend React
Wednesday,6/5/2019,,,,,,,,,,,,,,,,,,,,,,,,,,,,,,,,,,,
Thursday,6/6/2019,,2019-06-06 18:01:00,,,5,,00:38:01,,,,,,7:37,,,,,,,,,,,,,,,,,,Tempo,Mid Distance,"76,cloudy","Snapfinger, Barnett Shoals",Nike Legend React
Friday,6/7/2019,,,,,,,,,,,,,,,,,,,,,,,,,,,,,,,,,,,
Saturday,6/8/2019,,,,,,,,,,,,,,,,,,,,,,,,,,,,,,,,,,,
Sunday,6/9/2019,,2019-06-09 15:00:00,,,6.01,,00:48:42,,,,,,8:06,,,,,,,,,,,,,,,,,,Distance,Mid Distance,"72,cloudy",Old Lexington,Nike Legend React
Monday,6/10/2019,,,,,,,,,,,,,,,,,,,,,,,,,,,,,,,,,,,
Tuesday,6/11/2019,,2019-06-11 17:23:00,,,5.02,,00:40:39,,,,,,8:06,,,,,,,,,,,,,,,,,,Recovery,Mid Distance,"86,partly cloudy","Snapfinger, Barnett Shoals",Nike Legend React
Wednesday,6/12/2019,,,,,,,,,,,,,,,,,,,,,,,,,,,,,,,,,,,
Thursday,6/13/2019,,2019-06-13 18:00:00,,,5.01,,00:37:48,,,,,,7:33,,,,,,,,,,,,,,,,,,Tempo,Mid Distance,"80,partly cloudy","Snapfinger, Barnett Shoals",Nike Legend React
Friday,6/14/2019,,,,,,,,,,,,,,,,,,,,,,,,,,,,,,,,,,,
Saturday,6/15/2019,,,,,,,,,,,,,,,,,,,,,,,,,,,,,,,,,,,
Sunday,6/16/2019,,,,,,,,,,,,,,,,,,,,,,,,,,,,,,,,,,,
Monday,6/17/2019,,,,,,,,,,,,,,,,,,,,,,,,,,,,,,,,,,,
Tuesday,6/18/2019,,2019-06-18 17:48:00,,,4.01,,00:30:08,,,,,,7:31,,,,,,,,,,,,,,,,,,Tempo,Short Distance,"81,partly cloudy",Barnett Shoals,Nike Legend React
Wednesday,6/19/2019,,2019-06-19 18:00:00,,,3.01,,00:24:20,,,,,,8:05,,,,,,,,,,,,,,,,,,Recovery,Short Distance,"85,partly cloudy",Barnett Shoals,Nike Legend React
Thursday,6/20/2019,,,,,,,,,,,,,,,,,,,,,,,,,,,,,,,,,,,
Friday,6/21/2019,,,,,,,,,,,,,,,,,,,,,,,,,,,,,,,,,,,
Saturday,6/22/2019,,2019-06-22 7:45:00,,,10.01,,1:23:00,,,,,,8:18,,,,,,,,,,,,,,,,,,Distance,Long Distance,"69, sunny","Snapfinger, Old Lexington",Nike Legend React
Sunday,6/23/2019,,,,,,,,,,,,,,,,,,,,,,,,,,,,,,,,,,,
Monday,6/24/2019,,2019-06-24 17:42:00,,,2.33,,00:14:47,,,,,,6:21,,,,,,,,,,,,,,,,,,Track,Track,"90, sunny",Track,Nike Legend React
Tuesday,6/25/2019,,2019-06-25 17:48:00,,,3.46,,00:30:03,,,,,,8:41,,,,,,,,,,,,,,,,,,,Short-Distance,"86, partly cloudy",Barnett Shoals,Nike Legend React
Wednesday,6/26/2019,,,,,,,,,,,,,,,,,,,,,,,,,,,,,,,,,,,
Thursday,6/27/2019,,2019-06-27 18:35:00,,,4.95,,00:43:14,,,,,,8:44,,,,,,,,,,,,,,,,,,Recovery,Mid-Distance,"87, sunny",Campus,Nike Legend React
Friday,6/28/2019,,2019-06-28 17:35:00,,,3.53,,00:27:47,,,,,,7:52,,,,,,,,,,,,,,,,,,Recovery,Short-Distance,"90, partly cloudy",Barnet Shoals,Nike Legend React
Saturday,6/29/2019,,,,,,,,,,,,,,,,,,,,,,,,,,,,,,,,,,,
Sunday,6/30/2019,,2019-06-30 7:33:00,,,12.01,,1:48:24,,,,,,9:02,,,,,,,,,,,,,,,,,,Distance,Long Distance,"73, sunny","Snapfinger, Old Lexington, Whit Davis",Nike Legend React
Monday,7/1/2019,,,,,,,,,,,,,,,,,,,,,,,,,,,,,,,,,,,
Tuesday,7/2/2019,,2019-07-02 17:38:00,,,2.66,,00:16:53,,,,,,6:20,,,,,,,,,,,,,,,,,,Track,Track,"97, partly cloudy",Track,Nike Legend React
Wednesday,7/3/2019,,2019-07-03 17:37:00,,,4.01,,00:33:33,,,,,,8.22,,,,,,,,,,,,,,,,,,Recovery,Short-Distance,"94, partly cloudy","Barnet Shoals, Old Lexington neighborhood",Nike Legend React
Thursday,7/4/2019,,,,,,,,,,,,,,,,,,,,,,,,,,,,,,,,,,,
Friday,7/5/2019,,,,,,,,,,,,,,,,,,,,,,,,,,,,,,,,,,,
Saturday,7/6/2019,,,,,,,,,,,,,,,,,,,,,,,,,,,,,,,,,,,
Sunday,7/7/2019,,2019-07-07 9:18:00,,,3.01,,00:22:45,,,,,,7:33,,,,,,,,,,,,,,,,,,Tempo,Short Distance,"84, sunny","Ft. Pierce, FL",Nike Legend React
Monday,7/8/2019,,2019-07-08 18:23:00,,,5,,00:41:57,,,,,,8:23,,,,,,,,,,,,,,,,,,Recovery,Short Distance,"93, partly cloudy","Snapfinger, Barnett Shoals",Nike Legend React
Tuesday,7/9/2019,,2019-07-09 17:45:00,,,3.57,,00:28:57,,,,,,8:11,,,,,,,,,,,,,,,,,,Recovery,Short Distance,,"Snapfinger, Barnett Shoals",Nike Legend React
Wednesday,7/10/2019,,,,,,,,,,,,,,,,,,,,,,,,,,,,,,,,,,,
Thursday,7/11/2019,,2019-07-11 17:44:00,,,3.47,,00:29:43,,,,,,8:35,,,,,,,,,,,,,,,,,,Recovery,Short Distance,,,Nike Legend React
Friday,7/12/2019,,,,,,,,,,,,,,,,,,,,,,,,,,,,,,,,,,,
Saturday,7/13/2019,,2019-07-13 7:24:00,,,10,,1:22:37,,,,,,8:16,,,,,,,,,,,,,,,,,,Distance,Long Distance,"75,sunny","Old Lexington, Whit Davis",Nike Legend React
Sunday,7/14/2019,,,,,,,,,,,,,,,,,,,,,,,,,,,,,,,,,,,
Monday,7/15/2019,,2019-07-15 18:04:00,,,5.01,,00:46:27,,,,,,9:16,,,,,,,,,,,,,,,,,,Recovery,Mid-Distance,"94,partly cloudy","Snapfinger, Old Lexington neighborhood",Nike Legend React
Tuesday,7/16/2019,,2019-07-16 17:55:00,,,2.4,,00:16:40,,,,,,6:56,,,,,,,,,,,,,,,,,,Track,Track,"96,sunny",Track,Nike Legend React
Wednesday,7/17/2019,,,,,,,,,,,,,,,,,,,,,,,,,,,,,,,,,,,
Thursday,7/18/2019,,2019-07-18 18:28:00,,,2.8,,00:24:37,,,,,,8:46,,,,,,,,,,,,,,,,,,Recovery,Short Distance,"88,sunny",Snapfinger,Nike Legend React
Friday,7/19/2019,,,,,,,,,,,,,,,,,,,,,,,,,,,,,,,,,,,
Saturday,7/20/2019,,2019-07-20 6:56:00,,,12.01,,1:42:18,,,,,,8:31,,,,,,,,,,,,,,,,,,Distance,Long Distance,"73,cloudy","Snapfinger, Old Lexington, Whit Davis",Nike Legend React
Sunday,7/21/2019,,,,,,,,,,,,,,,,,,,,,,,,,,,,,,,,,,,
Monday,7/22/2019,,,,,,,,,,,,,,,,,,,,,,,,,,,,,,,,,,,
Tuesday,7/23/2019,,2019-07-23 17:54:00,,,3.06,,00:25:24,,,,,,8:18,,,,,,,,,,,,,,,,,,Recovery,Short Distance,"78,cloudy",Snapfinger,Nike Legend React
Wednesday,7/24/2019,,2019-07-24 17:59:00,,,4.34,,00:39:00,,,,,,8:59,,,,,,,,,,,,,,,,,,Recovery,Short Distance,"85,partly cloudy","Barnet Shoals, Old Lexington neighborhood",Nike Legend React
Thursday,7/25/2019,,2019-07-25 17:49:00,,,5.59,,00:48:40,,,,,,9:02,,,,,,,,,,,,,,,,,,Recovery,Mid Distance,"87, partly cloudy","Whitehall, Campus",Nike Legend React
Friday,7/26/2019,,,,,,,,,,,,,,,,,,,,,,,,,,,,,,,,,,,
Saturday,7/27/2019,,,,,,,,,,,,,,,,,,,,,,,,,,,,,,,,,,,
Sunday,7/28/2019,,2019-07-28 7:03:00,,,8.02,,1:01:22,,,,,,7:37,,,,,,,,,,,,,,,,,,Tempo,Long Distance,"63,sunny","Mount Pleasant, NC",Nike Legend React
Monday,7/29/2019,,,,,,,,,,,,,,,,,,,,,,,,,,,,,,,,,,,
Tuesday,7/30/2019,,2019-07-30 17:04:00,,,4.38,,00:34:44,,,,,,7:52,,,,,,,,,,,,,,,,,,Recovery,Mid Distance,"78,sunny","Portland, OR",Nike Legend React
Wednesday,7/31/2019,,2019-07-31 16:50:00,,,5.01,,00:38:37,,,,,,7:42,,,,,,,,,,,,,,,,,,Recovery,Mid Distance,"85,sunny","Portland, OR",Nike Legend React
Thursday,8/1/2019,,,,,,,,,,,,,,,,,,,,,,,,,,,,,,,,,,,
Friday,8/2/2019,,2019-08-02 15:54:00,,,4.93,,00:41:10,,,,,,8:21,,,,,,,,,,,,,,,,,,Recovery,Mid Distance,"76,partly cloudy","Portland, OR",Nike Legend React
Saturday,8/3/2019,,,,,,,,,,,,,,,,,,,,,,,,,,,,,,,,,,,
Sunday,8/4/2019,,2019-08-04 12:48:00,,,10.03,,1:24:18,,,,,,8:25,,,,,,,,,,,,,,,,,,Distance,Long Distance,"80,partly cloudy","Old Lexington, Whit Davis",Nike Legend React
Monday,8/5/2019,,,,,,,,,,,,,,,,,,,,,,,,,,,,,,,,,,,
Tuesday,8/6/2019,,2019-08-06 18:55:00,,,5.01,,00:42:17,,,,,,8:26,,,,,,,,,,,,,,,,,,Recovery,Mid Distance,"90,partly cloudy","Snapfinger, Barnett Shoals",Nike Legend React
Wednesday,8/7/2019,,,,,,,,,,,,,,,,,,,,,,,,,,,,,,,,,,,
Thursday,8/8/2019,,2019-08-08 17:52:00,,,6.01,,00:52:17,,,,,,8:42,,,,,,,,,,,,,,,,,,Recovery,Mid Distance,"93,sunny",Old Lexington,Nike Legend React
Friday,8/9/2019,,,,,,,,,,,,,,,,,,,,,,,,,,,,,,,,,,,
Saturday,8/10/2019,,2019-08-10 7:09:00,,,12,,1:48:29,,,,,,9:03,,,,,,,,,,,,,,,,,,Distance,Long Distance,"73,sunny","Snapfinger, Old Lexington, Whit Davis",Nike Legend React
Sunday,8/11/2019,,2019-08-11 11:10:00,,,3.03,,00:25:57,,,,,,8:33,,,,,,,,,,,,,,,,,,Recovery,Short Distance,"86,sunny",Barnett Shoals,Nike Legend React
Monday,8/12/2019,,,,,,,,,,,,,,,,,,,,,,,,,,,,,,,,,,,
Tuesday,8/13/2019,,2019-08-13 17:07:00,,,5.66,,00:52:57,,,,,,9:21,,,,,,,,,,,,,,,,,,Recovery,Mid Distnace,"94,partly cloudy",Campus,Nike Legend React
Wednesday,8/14/2019,,2019-08-14 19:08:00,,,3.01,,00:21:25,,,,,,7:07,,,,,,,,,,,,,,,,,,Tempo,Short Distance,"88,partly cloudy",Barnett Shoals,Nike Legend React
Thursday,8/15/2019,,2019-08-15 18:30:00,,,4.45,,00:40:10,,,,,,9:02,,,,,,,,,,,,,,,,,,Recovery,Mid Distnace,"92,sunny","Snapfinger, Barnett Shoals",Nike Legend React
Friday,8/16/2019,,,,,,,,,,,,,,,,,,,,,,,,,,,,,,,,,,,
Saturday,8/17/2019,,2019-08-17 18:57:00,,,14.01,,2:03:54,,,,,,8:51,,,,,,,,,,,,,,,,,,Distance,Long Distance,"70,sunny","Snapfinger, Old Lexington, Whit Davis",Nike Legend React
Sunday,8/18/2019,,2019-08-18 9:28:00,,,3.12,,00:25:56,,,,,,8:19,,,,,,,,,,,,,,,,,,Recovery,Short Distance,"79,sunny",Barnett Shoals,Nike Legend React
Monday,8/19/2019,,,,,,,,,,,,,,,,,,,,,,,,,,,,,,,,,,,
Tuesday,8/20/2019,,2019-08-20 17:09:00,,,7.01,,1:00:18,,,,,,8:36,,,,,,,,,,,,,,,,,,Recovery,Mid Distance,"90,partly cloudy",Campus,Nike Legend React
Wednesday,8/21/2019,,,,,,,,,,,,,,,,,,,,,,,,,,,,,,,,,,,
Thursday,8/22/2019,,2019-08-22 17:46:00,,,5.6,,00:48:19,,,,,,,,,,,,,,,,,,,,,,,,Recovery,Mid Distance,"93,partly cloudy","Whitehall, Campus",Nike Legend React
Friday,8/23/2019,,,,,,,,,,,,,,,,,,,,,,,,,,,,,,,,,,,
Saturday,8/24/2019,,2019-08-24 7:58:00,,,8.01,,1:02:49,,,,,,7:51,,,,,,,,,,,,,,,,,,Distance,Long Distance,"72,cloudy",Old Lexington,Nike Legend React
Sunday,8/25/2019,,,,,,,,,,,,,,,,,,,,,,,,,,,,,,,,,,,
Monday,8/26/2019,,2019-08-26 17:59:00,,,3.12,,00:21:24,,,,,,6:51,,,,,,,,,,,,,,,,,,Tempo,Short Distance,"80,cloudy",Barnett Shoals,Nike Legend React
Tuesday,8/27/2019,,2019-08-27 17:29:00,,,5.79,,00:48:40,,,,,,8:25,,,,,,,,,,,,,,,,,,Recovery,Mid Distance,"79,partly cloudy",Campus,Nike Legend React
Wednesday,8/28/2019,,,,,,,,,,,,,,,,,,,,,,,,,,,,,,,,,,,
Thursday,8/29/2019,,2019-08-29 18:37:00,,,4.91,,00:38:03,,,,,,7:45,,,,,,,,,,,,,,,,,,Tempo,Mid Distance,"85,sunny",Campus,Nike Legend React
Friday,8/30/2019,,,,,,,,,,,,,,,,,,,,,,,,,,,,,,,,,,,
Saturday,8/31/2019,,2019-08-31 7:07:00,,,3.13,,00:24:38,,,,,,7:51,,,,,,,,,,,,,,,,,,Recovery,Short Distance,"64,sunny",Barnett Shoals,Nike Legend React
Sunday,9/1/2019,,2019-09-01 6:31:00,,,13.1,,1:43:00,,,,,,7:50,,,,,,,,,,,,,,,,,,Race,Long Distance,"69,sunny","Suwanee, GA",Nike Legend React
Monday,9/2/2019,,,,,,,,,,,,,,,,,,,,,,,,,,,,,,,,,,,
Tuesday,9/3/2019,,2019-09-03 19:43:00,,,3.3,,00:27:02,,,,,,8:11,,,,,,,,,,,,,,,,,,Recovery,Short Distance,"87,sunny","Barnett Shoals, Old Lexington neighborhood",Nike Epic React 2
Wednesday,9/4/2019,,2019-09-04 17:46:00,,,3.01,,00:20:48,,,,,,6:55,,,,,,,,,,,,,,,,,,Tempo,Short Distance,"93,sunny",Barnett Shoals,Nike Epic React 2
Thursday,9/5/2019,,2019-09-05 18:20:00,,,3.2,,00:27:10,,,,,,8:29,,,,,,,,,,,,,,,,,,Recovery,Short Distance,"93,partly cloudy",Snapfinger,Nike Epic React 2
Friday,9/6/2019,,,,,,,,,,,,,,,,,,,,,,,,,,,,,,,,,,,
Saturday,9/7/2019,,,,,,,,,,,,,,,,,,,,,,,,,,,,,,,,,,,
Sunday,9/8/2019,,2019-09-08 19:38:00,,,10.51,,1:29:47,,,,,,8:33,,,,,,,,,,,,,,,,,,Distance,Long Distance,"65,sunny",,Nike Epic React 2
Monday,9/9/2019,,,,,,,,,,,,,,,,,,,,,,,,,,,,,,,,,,,
Tuesday,9/10/2019,,2019-09-10 17:24:00,,,5.62,,00:48:26,,,,,,8:37,,,,,,,,,,,,,,,,,,Recovery,Mid Distance,"94,partly cloudy",Campus,Nike Epic React 2
Wednesday,9/11/2019,,2019-09-11 18:10:00,,,3.04,,00:20:51,,,,,,6:48,,,,,,,,,,,,,,,,,,Tempo,Short Distance,"94,partly cloudy",Barnett Shoals,Nike Epic React 2
Thursday,9/12/2019,,2019-09-12 18:30:00,,,3,,00:21:06,,,,,,7:02,,,,,,,,,,,,,,,,,,Tempo,Short Distance,,ARC 5 Points,Nike Epic React 2
Friday,9/13/2019,,2019-09-13 16:29:00,,,4.44,,00:38:39,,,,,,8:42,,,,,,,,,,,,,,,,,,Recovery,Mid Distance,"95,partly cloudy","Snapfinger, Barnett Shoals",Nike Epic React 2
Saturday,9/14/2019,,,,,,,,,,,,,,,,,,,,,,,,,,,,,,,,,,,
Sunday,9/15/2019,,2019-09-15 7:23:00,,,13.11,,1:54:51,,,,,,8:46,,,,,,,,,,,,,,,,,,Distance,Long Distance,"69,sunny","Snapfinger, Old Lexington, Whit Davis",Nike Legend React
Monday,9/16/2019,,,,,,,,,,,,,,,,,,,,,,,,,,,,,,,,,,,
Tuesday,9/17/2019,,2019-09-17 17:26:00,,,7.04,,1:02:24,,,,,,8:52,,,,,,,,,,,,,,,,,,Recovery,Mid Distance,"95,partly cloudy",Campus,Nike Epic React 2
Wednesday,9/18/2019,,2019-09-18 18:11:00,,,3.01,,00:20:16,,,,,,6:43,,,,,,,,,,,,,,,,,,Tempo,Short Distance,"79,partly cloudy",Barnett Shoals,Nike Epic React 2
Thursday,9/19/2019,,2019-09-19 18:36:00,,,4.63,,00:39:16,,,,,,8:29,,,,,,,,,,,,,,,,,,Recovery,Mid Distance,"77,sunny",Campus,Nike Epic React 2
Friday,9/20/2019,,,,,,,,,,,,,,,,,,,,,,,,,,,,,,,,,,,
Saturday,9/21/2019,,2019-09-21 7:22:00,,,14.01,,1:58:09,,,,,,8:26,,,,,,,,,,,,,,,,,,Distance,Long Distance,"57,sunny","Snapfinger, Old Lexington, Whit Davis",Nike Epic React 2
Sunday,9/22/2019,,,,,,,,,,,,,,,,,,,,,,,,,,,,,,,,,,,
Monday,9/23/2019,,,,,,,,,,,,,,,,,,,,,,,,,,,,,,,,,,,
Tuesday,9/24/2019,,,,,,,,,,,,,,,,,,,,,,,,,,,,,,,,,,,
Wednesday,9/25/2019,,2019-09-25 17:29:00,,,7.04,,00:58:04,,,,,,8:15,,,,,,,,,,,,,,,,,,Recovery,Mid Distance,"91,sunny",Campus,Nike Epic React 2
Thursday,9/26/2019,,,,,,,,,,,,,,,,,,,,,,,,,,,,,,,,,,,
Friday,9/27/2019,,2019-09-27 17:33:00,,,5,,00:38:34,,,,,,7:43,,,,,,,,,,,,,,,,,,Tempo,Mid Distance,"93,partly cloudy","Snapfinger, Barnett Shoals",Nike Epic React 2
Saturday,9/28/2019,,,,,,,,,,,,,,,,,,,,,,,,,,,,,,,,,,,
Sunday,9/29/2019,,2019-09-29 10:06:00,,,5,,00:43:02,,,,,,8:36,,,,,,,,,,,,,,,,,,Distance,Mid Distance,"78,sunny","Snapfinger, Old Lexington neighborhood",Nike Epic React 2
Monday,9/30/2019,,,,,,,,,,,,,,,,,,,,,,,,,,,,,,,,,,,
Tuesday,10/1/2019,,2019-10-01 17:56:00,,,7,,00:56:12,,,,,,8:02,,,,,,,,,,,,,,,,,,Recovery,Mid Distance,"91,sunny",Campus,Nike Epic React 2
Wednesday,10/2/2019,,,,,,,,,,,,,,,,,,,,,,,,,,,,,,,,,,,
Thursday,10/3/2019,,2019-10-03 17:37:00,,,5.02,,00:39:55,,,,,,7:58,,,,,,,,,,,,,,,,,,Recovery,Mid Distance,"97,partly cloudy","Snapfinger, Barnett Shoals",Nike Epic React 2
Friday,10/4/2019,,,,,,,,,,,,,,,,,,,,,,,,,,,,,,,,,,,
Saturday,10/5/2019,,2019-10-05 14:38:00,,,14.11,,1:55:03,,,,,,8:10,,,,,,,,,,,,,,,,,,Distance,Long Distance,"71,cloudy",College Station to Campus,Nike Epic React 2
Sunday,10/6/2019,,,,,,,,,,,,,,,,,,,,,,,,,,,,,,,,,,,
Monday,10/7/2019,,,,,,,,,,,,,,,,,,,,,,,,,,,,,,,,,,,
Tuesday,10/8/2019,,,,,,,,,,,,,,,,,,,,,,,,,,,,,,,,,,,
Wednesday,10/9/2019,,2019-10-09 17:22:00,,,7.03,,00:54:39,,,,,,7:47,,,,,,,,,,,,,,,,,,Recovery,Mid Distance,"74,partly cloudy",Campus,Nike Epic React 2
Thursday,10/10/2019,,,,,,,,,,,,,,,,,,,,,,,,,,,,,,,,,,,
Friday,10/11/2019,,2019-10-11 18:14:00,,,5.01,,00:36:57,,,,,,7:23,,,,,,,,,,,,,,,,,,Tempo,Mid Distance,"79,sunny","Snapfinger, Barnett Shoals",Nike Epic React 2
Saturday,10/12/2019,,,,,,,,,,,,,,,,,,,,,,,,,,,,,,,,,,,
Sunday,10/13/2019,,2019-10-13 7:14:00,,,16.01,,2:13:38,,,,,,8:21,,,,,,,,,,,,,,,,,,Distance,Long Distance,"63,partly cloudy","College Station, Campus, Barnett Shoals",Nike Epic React 2
Monday,10/14/2019,,,,,,,,,,,,,,,,,,,,,,,,,,,,,,,,,,,
Tuesday,10/15/2019,,2019-10-15 17:20:00,,,4.98,,00:42:26,,,,,,8:31,,,,,,,,,,,,,,,,,,Recovery,Mid Distance,"71,cloudy",Campus,Nike Epic React 2
Wednesday,10/16/2019,,,,,,,,,,,,,,,,,,,,,,,,,,,,,,,,,,,
Thursday,10/17/2019,,2019-10-17 17:25:00,,,5.39,,00:43:06,,,,,,8:00,,,,,,,,,,,,,,,,,,Recovery,Mid Distance,"69,sunny",Campus,Nike Epic React 2
Friday,10/18/2019,,2019-10-18 16:36:00,,,3.02,,00:19:30,,,,,,6:27,,,,,,,,,,,,,,,,,,Tempo,Short Distance,"70,sunny",Barnett Shoals,Nike Epic React 2
Saturday,10/19/2019,,,,,,,,,,,,,,,,,,,,,,,,,,,,,,,,,,,
Sunday,10/20/2019,,2019-10-20 7:57:00,,,18.01,,2:30:48,,,,,,8:23,,,,,,,,,,,,,,,,,,Distance,Long Distance,"58,partly cloudy","College Station, Campus, Old Lexington",Nike Epic React 2
Monday,10/21/2019,,,,,,,,,,,,,,,,,,,,,,,,,,,,,,,,,,,
Tuesday,10/22/2019,,2019-10-22 18:09:00,,,3.02,,00:19:26,,,,,,6:26,,,,,,,,,,,,,,,,,,Tempo,Short Distance,"70,partly cloudy",Barnett Shoals,Nike Epic React 2
Wednesday,10/23/2019,,2019-10-23 17:30:00,,,7.01,,00:59:56,,,,,,8:33,,,,,,,,,,,,,,,,,,Recovery,Mid Distance,"69,sunny",Campus,Nike Epic React 2
Thursday,10/24/2019,,,,,,,,,,,,,,,,,,,,,,,,,,,,,,,,,,,
Friday,10/25/2019,,2019-10-25 16:41:00,,,5.02,,00:40:31,,,,,,8:05,,,,,,,,,,,,,,,,,,Recovery,Mid Distance,"70,cloudy","Snapfinger, Barnett Shoals",Nike Epic React 2
Saturday,10/26/2019,,,,,,,,,,,,,,,,,,,,,,,,,,,,,,,,,,,
Sunday,10/27/2019,,2019-10-27 9:10:00,,,10.16,,1:21:07,,,,,,7:59,,,,,,,,,,,,,,,,,,Distance,Long Distance,"63,sunny","Snapfinger, Old Lexington",Nike Epic React 2
Monday,10/28/2019,,,,,,,,,,,,,,,,,,,,,,,,,,,,,,,,,,,
Tuesday,10/29/2019,,2019-10-29 18:11:00,,,5.01,,00:41:22,,,,,,8:16,,,,,,,,,,,,,,,,,,Recovery,Mid Distance,,"Snapfinger, Barnett Shoals",Nike Epic React 2
Wednesday,10/30/2019,,,,,,,,,,,,,,,,,,,,,,,,,,,,,,,,,,,
Thursday,10/31/2019,,2019-10-31 17:40:00,,,5.01,,00:36:57,,,,,,7:23,,,,,,,,,,,,,,,,,,Tempo,MId Distance,"56,cloudy","Snapfinger, Barnett Shoals",Nike Epic React 2
Friday,11/1/2019,,,,,,,,,,,,,,,,,,,,,,,,,,,,,,,,,,,
Saturday,11/2/2019,,,,,3.4,,00:23:58,,,,,,7:07,,,,,,,,,,,,,,,,,,Tempo,Short Distance,,,Nike Epic React 2
Sunday,11/3/2019,,2019-11-03 8:21:00,,,12.61,,1:44:48,,,,,,8:19,,,,,,,,,,,,,,,,,,Distance,Long Distance,"40,sunny","College Station, Campus",Nike Epic React 2
Monday,11/4/2019,,,,,,,,,,,,,,,,,,,,,,,,,,,,,,,,,,,
Tuesday,11/5/2019,,,,,,,,,,,,,,,,,,,,,,,,,,,,,,,,,,,
Wednesday,11/6/2019,,2019-11-06 17:56:00,,,3.02,,00:20:28,,,,,,6:47,,,,,,,,,,,,,,,,,,Tempo,Short Distance,"63,clear",Barnett Shoals,Brooks Ghost 11
Thursday,11/7/2019,,,,,,,,,,,,,,,,,,,,,,,,,,,,,,,,,,,
Friday,11/8/2019,,2019-11-08 17:30:00,,,5.61,,00:45:29,,,,,,8:07,,,,,,,,,,,,,,,,,,Recovery,Mid Distance,,,Brooks Ghost 11
Saturday,11/9/2019,,,,,,,,,,,,,,,,,,,,,,,,,,,,,,,,,,,
Sunday,11/10/2019,,2019-11-10 7:57:00,,,14,,1:54:48,,,,,,8:12,,,,,,,,,,,,,,,,,,Distance,Long Distance,"36,sunny","College Station, Campus, Barnett Shoals",Brooks Ghost 11
Monday,11/11/2019,,,,,,,,,,,,,,,,,,,,,,,,,,,,,,,,,,,
Tuesday,11/12/2019,,2019-11-12 17:40:00,,,3.1,,00:21:00,,,,,,6:45,,,,,,,,,,,,,,,,,,Tempo,Short Distance,"42,clear",Barnett Shoals,Nike Epic React 2
Wednesday,11/13/2019,,2019-11-13 17:24:00,,,7.01,,00:57:08,,,,,,8:11,,,,,,,,,,,,,,,,,,Recovery,Mid Distance,"42,sunny",Campus,Nike Epic React 2
Thursday,11/14/2019,,,,,,,,,,,,,,,,,,,,,,,,,,,,,,,,,,,
Friday,11/15/2019,,2019-11-15 17:13:00,,,7.03,,00:57:08,,,,,,8:07,,,,,,,,,,,,,,,,,,Recovery,Mid Distance,,Campus,Brooks Ghost 11
Saturday,11/16/2019,,2019-11-16 8:57:00,,,3.44,,00:27:25,,,,,,7:58,,,,,,,,,,,,,,,,,,Recovery,Short Distance,"48,partly cloudy",Barnett Shoals,Brooks Ghost 11
Sunday,11/17/2019,,2019-11-17 9:13:00,,,17.33,,2:22:21,,,,,,8:13,,,,,,,,,,,,,,,,,,Distance,Long Distance,"49,cloudy","College Station, Campus, Old Lexington",Nike Epic React 2
Monday,11/18/2019,,,,,,,,,,,,,,,,,,,,,,,,,,,,,,,,,,,
Tuesday,11/19/2019,,2019-11-19 17:55:00,,,3.58,,00:25:46,,,,,,7:12,,,,,,,,,,,,,,,,,,Tempo,Short Distance,"57,cloudy",Barnett Shoals,Brooks Ghost 11
Wednesday,11/20/2019,,2019-11-20 17:32:00,,,7.04,,00:59:41,,,,,,8:28,,,,,,,,,,,,,,,,,,Recovery,Mid Distance,"60,clear",Campus,Nike Epic React 2
Thursday,11/21/2019,,2019-11-21 17:21:00,,,5.63,,00:50:36,,,,,,9:00,,,,,,,,,,,,,,,,,,Recovery,Mid Distance,"60,clear",Campus,Brooks Ghost 11
Friday,11/22/2019,,,,,,,,,,,,,,,,,,,,,,,,,,,,,,,,,,,
Saturday,11/23/2019,,,,,,,,,,,,,,,,,,,,,,,,,,,,,,,,,,,
Sunday,11/24/2019,,2019-11-24 7:44:00,,,20.01,,2:48:24,,,,,,8:25,,,,,,,,,,,,,,,,,,Distance,Long Distance,"43, sunny","Old Lexington, College Station, Campus",Nike Epic React 2
Monday,11/25/2019,,,,,,,,,,,,,,,,,,,,,,,,,,,,,,,,,,,
Tuesday,11/26/2019,,2019-11-26 17:20:00,,,7.01,,1:00:37,,,,,,8:39,,,,,,,,,,,,,,,,,,Recovery,Mid Distance,"60,sunny",Campus,Brooks Ghost 11
Wednesday,11/27/2019,,,,,,,,,,,,,,,,,,,,,,,,,,,,,,,,,,,
Thursday,11/28/2019,,2019-11-28 7:25:00,,,3.3,,00:22:51,,,,,,6:55,,,,,,,,,,,,,,,,,,Tempo,Short Distance,"48, Sunny","Savannah, GA",Brooks Ghost 11
Friday,11/29/2019,,,,,,,,,,,,,,,,,,,,,,,,,,,,,,,,,,,
Saturday,11/30/2019,,,,,,,,,,,,,,,,,,,,,,,,,,,,,,,,,,,
Sunday,12/1/2019,,2019-12-01 7:58:00,,,12.42,,1:43:54,,,,,,8:22,,,,,,,,,,,,,,,,,,Distance,Long Distance,"59,cloudy","College Station, Campus",Brooks Ghost 11
Monday,12/2/2019,,,,,,,,,,,,,,,,,,,,,,,,,,,,,,,,,,,
Tuesday,12/3/2019,,2019-12-03 17:28:00,,,7.03,,00:59:23,,,,,,8:27,,,,,,,,,,,,,,,,,,Recovery,Mid Distance,"47,sunny",Campus,Brooks Ghost 11
Wednesday,12/4/2019,,2019-12-04 17:38:00,,,3.11,,00:19:57,,,,,,6:25,,,,,,,,,,,,,,,,,,Tempo,Short Distance,"55,sunny",Barnett Shoals,Nike Epic React 2
Thursday,12/5/2019,,2019-12-05 18:30:00,,,5,,00:45:00,,,,,,9:00,,,,,,,,,,,,,,,,,,Recovery,Mid Distance,,Campus,Brooks Ghost 11
Friday,12/6/2019,,2019-12-06 16:58:00,,,6,,00:44:54,,,,,,7:29,,,,,,,,,,,,,,,,,,Tempo,Mid Distance,"57,cloudy",Campus,Brooks Ghost 11
Saturday,12/7/2019,,,,,,,,,,,,,,,,,,,,,,,,,,,,,,,,,,,
Sunday,12/8/2019,,2019-12-08 7:35:00,,,20,,2:43:51,,,,,,8:12,,,,,,,,,,,,,,,,,,Distance,Long Distance,"44,partly cloudy","Old Lexington, College Station, Campus",Nike Epic React 2
Monday,12/9/2019,,,,,,,,,,,,,,,,,,,,,,,,,,,,,,,,,,,
Tuesday,12/10/2019,,2019-12-10 17:19:00,,,7.06,,00:59:30,,,,,,8:26,,,,,,,,,,,,,,,,,,Recovery,Mid Distance,"54,light rain",Campus,Brooks Ghost 11 
Wednesday,12/11/2019,,,,,,,,,,,,,,,,,,,,,,,,,,,,,,,,,,,
Thursday,12/12/2019,,2019-12-12 17:21:00,,,5.01,,00:39:54,,,,,,7:58,,,,,,,,,,,,,,,,,,Recovery,Mid Distance,"48,light rain",Campus,Brooks Ghost 11
Friday,12/13/2019,,,,,,,,,,,,,,,,,,,,,,,,,,,,,,,,,,,
Saturday,12/14/2019,,,,,,,,,,,,,,,,,,,,,,,,,,,,,,,,,,,
Sunday,12/15/2019,,2019-12-15 7:40:00,,,14.02,,1:54:25,,,,,,8:10,,,,,,,,,,,,,,,,,,Distance,Long Distance,"38,sunny","Barnett Shoals, College Station, Campus",Brooks Ghost 11
Monday,12/16/2019,,,,,,,,,,,,,,,,,,,,,,,,,,,,,,,,,,,
Tuesday,12/17/2019,,2019-12-17 17:27:00,,,7.05,,00:56:57,,,,,,8:05,,,,,,,,,,,,,,,,,,Recovery,Mid Distance,"46,cloudy",Campus,Brooks Ghost 11
Wednesday,12/18/2019,,2019-12-18 17:33:00,,,4.56,,00:36:30,,,,,,,,,,,,,,,,,,,,,,,,Track,Track,"46,clear",Track,Brooks Ghost 11
Thursday,12/19/2019,,2019-12-19 17:18:00,,,5.02,,00:41:18,,,,,,8:12,,,,,,,,,,,,,,,,,,Recovery,Mid Distance,"49,sunny","Snapfinger, Barnett Shoals",Brooks Ghost 11
Friday,12/20/2019,,,,,,,,,,,,,,,,,,,,,,,,,,,,,,,,,,,
Saturday,12/21/2019,,,,,,,,,,,,,,,,,,,,,,,,,,,,,,,,,,,
Sunday,12/22/2019,,2019-12-22 9:31:00,,,4.01,,00:29:31,,,,,,7:22,,,,,,,,,,,,,,,,,,Tempo,Short Distance,light rain,Barnett Shoals,Brooks Ghost 11
Monday,12/23/2019,,,,,,,,,,,,,,,,,,,,,,,,,,,,,,,,,,,
Tuesday,12/24/2019,,2019-12-24 13:19:00,,,5.57,,00:40:16,,,,,,7:14,,,,,,,,,,,,,,,,,,Tempo,Mid Distance,64.sunny,"Mount Pleasant, NC",Brooks Ghost 11
Wednesday,12/25/2019,,,,,,,,,,,,,,,,,,,,,,,,,,,,,,,,,,,
Thursday,12/26/2019,,2019-12-26 12:12:00,,,6.36,,00:46:47,,,,,,7:22,,,,,,,,,,,,,,,,,,Tempo,Mid Distance,"53,sunny","Mount Pleasant, NC",Nike Epic React 2
Friday,12/27/2019,,,,,,,,,,,,,,,,,,,,,,,,,,,,,,,,,,,
Saturday,12/28/2019,,2019-12-28 8:25:00,,,12.39,,1:36:55,,,,,,7:50,,,,,,,,,,,,,,,,,,Distance,Long Distance,"52,cloudy","College Station, Campus",Nike Epic React 2
Sunday,12/29/2019,,,,,,,,,,,,,,,,,,,,,,,,,,,,,,,,,,,
Monday,12/30/2019,,2019-12-30 11:52:00,,,5.12,,00:36:38,,,,,,7:10,,,,,,,,,,,,,,,,,,Tempo,Mid Distance,"56,sunny","Ocean Springs, MS",Brooks Ghost 11
Tuesday,12/31/2019,,,,,,,,,,,,,,,,,,,,,,,,,,,,,,,,,,,